centre,bedroom,year,non_turnover_rent,turnover_rent,non_turnover_change_pct,turnover_change_pct,turnover_premium_pct
Abbotsford-Mission CMA,1 Bedroom,2024,1227.0,1496.0,,,21.92339038304809
Abbotsford-Mission CMA,1 Bedroom,2025,1215.0,1471.0,,,21.069958847736636
Abbotsford-Mission CMA,2 Bedroom,2021,1159.0,1410.0,,,21.65660051768765
Abbotsford-Mission CMA,2 Bedroom,2022,1301.0,1408.0,4.94286406820795,,8.224442736356652
Abbotsford-Mission CMA,2 Bedroom,2023,1472.0,1765.0,,,19.904891304347828
Abbotsford-Mission CMA,2 Bedroom,2024,1445.0,1792.0,,,24.013840830449816
Abbotsford-Mission CMA,2 Bedroom,2025,1538.0,1710.0,,,11.18335500650196
Abbotsford-Mission CMA,3 Bedroom +,2024,1936.0,2480.0,,,28.099173553719005
Abbotsford-Mission CMA,3 Bedroom +,2025,2165.0,,,,
Abbotsford-Mission CMA,Studio,2024,1051.0,1196.0,,,13.796384395813522
Abbotsford-Mission CMA,Studio,2025,1027.0,1285.0,,,25.12171372930867
Abbotsford-Mission CMA,Total,2024,1333.0,1655.0,,,24.156039009752426
Abbotsford-Mission CMA,Total,2025,1362.0,1584.0,,,16.299559471365633
Alberta,1 Bedroom,2024,1327.0,1395.0,,,5.124340617935186
Alberta,1 Bedroom,2025,1385.0,1392.0,,,0.5054151624548808
Alberta,2 Bedroom,2021,1211.0,1286.0,,,6.1932287365813465
Alberta,2 Bedroom,2022,1258.0,1309.0,1.9319225284711898,2.29628505543444,4.054054054054057
Alberta,2 Bedroom,2023,1407.0,1465.0,7.1,11.4,4.12224591329069
Alberta,2 Bedroom,2024,1558.0,1649.0,6.3,14.0,5.840821566110388
Alberta,2 Bedroom,2025,1647.0,1658.0,,,0.6678809957498588
Alberta,3 Bedroom +,2024,1689.0,1780.0,,,5.387803433984617
Alberta,3 Bedroom +,2025,1802.0,1912.0,,,6.104328523862379
Alberta,Studio,2024,1088.0,1153.0,,,5.9742647058823595
Alberta,Studio,2025,1161.0,1192.0,,,2.670111972437561
Alberta,Total,2024,1450.0,1539.0,,,6.137931034482769
Alberta,Total,2025,1529.0,1532.0,,,0.19620667102682177
Barrie CMA,1 Bedroom,2024,1474.0,1852.0,,,25.644504748982367
Barrie CMA,1 Bedroom,2025,1483.0,1786.0,,,20.431557653405253
Barrie CMA,2 Bedroom,2021,1421.0,1781.0,,,25.334271639690353
Barrie CMA,2 Bedroom,2022,1471.0,1827.0,,24.4698613608818,24.201223657375937
Barrie CMA,2 Bedroom,2023,1579.0,1955.0,3.6,29.2,23.812539582013926
Barrie CMA,2 Bedroom,2024,1618.0,2004.0,,,23.85661310259579
Barrie CMA,2 Bedroom,2025,1693.0,2082.0,,,22.9769639692853
Barrie CMA,3 Bedroom +,2024,1714.0,2364.0,,,37.92298716452742
Barrie CMA,3 Bedroom +,2025,1939.0,2370.0,,,22.227952552862295
Barrie CMA,Studio,2024,1010.0,1254.0,,,24.15841584158416
Barrie CMA,Studio,2025,1062.0,,,,
Barrie CMA,Total,2024,1546.0,1945.0,,,25.808538163001305
Barrie CMA,Total,2025,1626.0,1965.0,,,20.848708487084867
Belleville - Quinte West CMA,1 Bedroom,2024,1218.0,1565.0,,,28.489326765188828
Belleville - Quinte West CMA,1 Bedroom,2025,1275.0,1550.0,,,21.568627450980383
Belleville - Quinte West CMA,2 Bedroom,2022,1225.0,1683.0,,,37.38775510204082
Belleville - Quinte West CMA,2 Bedroom,2023,1257.0,1691.0,,,34.526650755767704
Belleville - Quinte West CMA,2 Bedroom,2024,1389.0,1806.0,,,30.021598272138238
Belleville - Quinte West CMA,2 Bedroom,2025,1428.0,1768.0,,,23.809523809523814
Belleville - Quinte West CMA,3 Bedroom +,2024,1769.0,,,,
Belleville - Quinte West CMA,3 Bedroom +,2025,1844.0,,,,
Belleville - Quinte West CMA,Studio,2024,1035.0,,,,
Belleville - Quinte West CMA,Studio,2025,1025.0,,,,
Belleville - Quinte West CMA,Total,2024,1348.0,1715.0,,,27.225519287833833
Belleville - Quinte West CMA,Total,2025,1400.0,1685.0,,,20.35714285714285
Belleville CMA,2 Bedroom,2021,1140.0,1448.0,,,27.017543859649116
Belleville CMA,2 Bedroom,2022,1225.0,1683.0,,,37.38775510204082
Brantford CMA,1 Bedroom,2024,1292.0,1634.0,,,26.470588235294112
Brantford CMA,1 Bedroom,2025,1383.0,1754.0,,,26.82574114244396
Brantford CMA,2 Bedroom,2021,1149.0,1569.0,,,36.55352480417755
Brantford CMA,2 Bedroom,2022,1210.0,1708.0,,,41.15702479338843
Brantford CMA,2 Bedroom,2023,1359.0,1841.0,,,35.46725533480502
Brantford CMA,2 Bedroom,2024,1383.0,1886.0,,,36.37020968908171
Brantford CMA,2 Bedroom,2025,1564.0,1973.0,,,26.150895140664954
Brantford CMA,3 Bedroom +,2024,1356.0,2120.0,,,56.34218289085546
Brantford CMA,3 Bedroom +,2025,1575.0,2200.0,,,39.68253968253968
Brantford CMA,Studio,2024,1050.0,,,,
Brantford CMA,Studio,2025,1103.0,,,,
Brantford CMA,Total,2024,1344.0,1776.0,,,32.14285714285714
Brantford CMA,Total,2025,1466.0,1898.0,,,29.467939972714863
British Columbia,1 Bedroom,2024,1573.0,1951.0,,,24.03051493960584
British Columbia,1 Bedroom,2025,1621.0,1932.0,,,19.185687847008026
British Columbia,2 Bedroom,2021,1445.0,1742.0,,,20.553633217993085
British Columbia,2 Bedroom,2022,1586.0,1927.0,3.2486093493874,26.9417628825459,21.500630517023957
British Columbia,2 Bedroom,2023,1781.0,2098.0,5.8,31.4,17.798989331836058
British Columbia,2 Bedroom,2024,1907.0,2282.0,2.2,26.2,19.664394336654432
British Columbia,2 Bedroom,2025,1976.0,2337.0,,,18.26923076923077
British Columbia,3 Bedroom +,2024,2367.0,2666.0,,,12.632023658639625
British Columbia,3 Bedroom +,2025,2466.0,2833.0,,,14.882400648824001
British Columbia,Studio,2024,1389.0,1757.0,,,26.49388048956083
British Columbia,Studio,2025,1468.0,1710.0,,,16.485013623978205
British Columbia,Total,2024,1688.0,2058.0,,,21.91943127962086
British Columbia,Total,2025,1746.0,2064.0,,,18.21305841924399
Calgary CMA,1 Bedroom,2024,1535.0,1661.0,,,8.2084690553746
Calgary CMA,1 Bedroom,2025,1575.0,1562.0,,,-0.8253968253968291
Calgary CMA,2 Bedroom,2021,1298.0,1414.0,,,8.93682588597844
Calgary CMA,2 Bedroom,2022,1398.0,1486.0,2.91320601029088,5.2737268558979995,6.294706723891275
Calgary CMA,2 Bedroom,2023,1614.0,1771.0,10.9,19.9,9.727385377942998
Calgary CMA,2 Bedroom,2024,1816.0,1927.0,7.2,18.7,6.11233480176212
Calgary CMA,2 Bedroom,2025,1894.0,1836.0,,,-3.062302006335793
Calgary CMA,3 Bedroom +,2024,1828.0,2143.0,,,17.231947483588627
Calgary CMA,3 Bedroom +,2025,2097.0,2093.0,,,-0.19074868860277094
Calgary CMA,Studio,2024,1289.0,1374.0,,,6.5942591155934815
Calgary CMA,Studio,2025,1423.0,1448.0,,,1.7568517217146917
Calgary CMA,Total,2024,1667.0,1798.0,,,7.85842831433714
Calgary CMA,Total,2025,1740.0,1700.0,,,-2.298850574712641
Canada,1 Bedroom,2024,1277.0,1504.0,,,17.776037588097093
Canada,1 Bedroom,2025,1334.0,1562.0,,,17.091454272863558
Canada,2 Bedroom,2021,1101.0,1339.0,,,21.616712079927346
Canada,2 Bedroom,2022,1171.0,1453.0,2.9130105053444098,18.2727820271738,24.08198121263878
Canada,2 Bedroom,2023,1314.0,1503.0,5.2,23.8,14.383561643835607
Canada,2 Bedroom,2024,1394.0,1641.0,3.5,23.5,17.71879483500718
Canada,2 Bedroom,2025,1497.0,1783.0,,,19.10487641950567
Canada,3 Bedroom +,2024,1523.0,1891.0,,,24.16283650689428
Canada,3 Bedroom +,2025,1645.0,1990.0,,,20.972644376899694
Canada,Studio,2024,1054.0,1237.0,,,17.36242884250474
Canada,Studio,2025,1121.0,1291.0,,,15.165031222123115
Canada,Total,2024,1346.0,1577.0,,,17.16196136701338
Canada,Total,2025,1431.0,1672.0,,,16.84136967155836
Canada CMAs,1 Bedroom,2024,1306.0,1539.0,,,17.840735068912707
Canada CMAs,1 Bedroom,2025,1362.0,1589.0,,,16.666666666666675
Canada CMAs,2 Bedroom,2021,1138.0,1373.0,,,20.650263620386646
Canada CMAs,2 Bedroom,2022,1205.0,1484.0,2.83093455646052,18.170374428573,23.153526970954363
Canada CMAs,2 Bedroom,2023,1355.0,1553.0,5.1,24.1,14.612546125461257
Canada CMAs,2 Bedroom,2024,1437.0,1689.0,3.4,23.8,17.536534446764087
Canada CMAs,2 Bedroom,2025,1545.0,1837.0,,,18.89967637540453
Canada CMAs,3 Bedroom +,2024,1570.0,1971.0,,,25.541401273885356
Canada CMAs,3 Bedroom +,2025,1699.0,2065.0,,,21.54208357857563
Canada CMAs,Studio,2024,1075.0,1264.0,,,17.581395348837205
Canada CMAs,Studio,2025,1145.0,1315.0,,,14.847161572052393
Canada CMAs,Total,2024,1381.0,1623.0,,,17.52353367125272
Canada CMAs,Total,2025,1468.0,1709.0,,,16.416893732970017
Charlottetown CA,1 Bedroom,2024,949.0,1036.0,,,9.16754478398314
Charlottetown CA,1 Bedroom,2025,1014.0,1217.0,,,20.019723865877715
Charlottetown CA,2 Bedroom,2021,1052.0,1068.0,,,1.520912547528508
Charlottetown CA,2 Bedroom,2022,1059.0,1126.0,,,6.32672332389046
Charlottetown CA,2 Bedroom,2023,1165.0,1286.0,,,10.386266094420593
Charlottetown CA,2 Bedroom,2024,1161.0,1380.0,,,18.86304909560723
Charlottetown CA,2 Bedroom,2025,1272.0,1479.0,,,16.27358490566038
Charlottetown CA,3 Bedroom +,2024,1426.0,,,,
Charlottetown CA,3 Bedroom +,2025,1527.0,1667.0,,,9.168303863785198
Charlottetown CA,Studio,2025,918.0,,,,
Charlottetown CA,Total,2024,1110.0,1278.0,,,15.135135135135137
Charlottetown CA,Total,2025,1212.0,1418.0,,,16.996699669966997
Chilliwack CMA,1 Bedroom,2024,1107.0,1280.0,,,15.627822944896108
Chilliwack CMA,1 Bedroom,2025,1157.0,1438.0,,,24.28694900605013
Chilliwack CMA,2 Bedroom,2022,1253.0,1556.0,,,24.181963288108534
Chilliwack CMA,2 Bedroom,2023,1356.0,1585.0,,,16.887905604719755
Chilliwack CMA,2 Bedroom,2024,1333.0,1680.0,,,26.03150787696924
Chilliwack CMA,2 Bedroom,2025,1505.0,1639.0,,,8.903654485049838
Chilliwack CMA,3 Bedroom +,2024,,2349.0,,,
Chilliwack CMA,3 Bedroom +,2025,1837.0,,,,
Chilliwack CMA,Studio,2024,819.0,992.0,,,21.123321123321116
Chilliwack CMA,Studio,2025,892.0,856.0,,,-4.0358744394618835
Chilliwack CMA,Total,2024,1187.0,1492.0,,,25.695029486099408
Chilliwack CMA,Total,2025,1316.0,1491.0,,,13.297872340425542
Drummondville CMA,1 Bedroom,2024,667.0,711.0,,,6.596701649175407
Drummondville CMA,1 Bedroom,2025,874.0,1001.0,,,14.530892448512578
Drummondville CMA,2 Bedroom,2022,692.0,,,,
Drummondville CMA,2 Bedroom,2023,794.0,887.0,5.5,,11.712846347607053
Drummondville CMA,2 Bedroom,2024,841.0,1114.0,,,32.461355529131986
Drummondville CMA,2 Bedroom,2025,1019.0,1103.0,,,8.243375858684976
Drummondville CMA,3 Bedroom +,2024,1152.0,1367.0,,,18.663194444444443
Drummondville CMA,3 Bedroom +,2025,1275.0,1375.0,,,7.843137254901955
Drummondville CMA,Studio,2024,661.0,774.0,,,17.095310136157327
Drummondville CMA,Studio,2025,709.0,775.0,,,9.30888575458393
Drummondville CMA,Total,2024,916.0,1112.0,,,21.39737991266375
Drummondville CMA,Total,2025,1054.0,1178.0,,,11.764705882352944
Edmonton CMA,1 Bedroom,2024,1213.0,1255.0,,,3.462489694971138
Edmonton CMA,1 Bedroom,2025,1278.0,1305.0,,,2.1126760563380254
Edmonton CMA,2 Bedroom,2021,1267.0,1296.0,,,2.2888713496448387
Edmonton CMA,2 Bedroom,2022,1270.0,1297.0,0.987043984340563,0.99141703132411,2.1259842519685046
Edmonton CMA,2 Bedroom,2023,1368.0,1400.0,5.0,6.6,2.3391812865497075
Edmonton CMA,2 Bedroom,2024,1487.0,1560.0,5.6,10.9,4.90921318090114
Edmonton CMA,2 Bedroom,2025,1573.0,1600.0,,,1.7164653528289886
Edmonton CMA,3 Bedroom +,2024,1649.0,1739.0,,,5.4578532443905425
Edmonton CMA,3 Bedroom +,2025,1744.0,1879.0,,,7.740825688073394
Edmonton CMA,Studio,2024,1013.0,1097.0,,,8.292201382033571
Edmonton CMA,Studio,2025,1081.0,1106.0,,,2.3126734505087843
Edmonton CMA,Total,2024,1361.0,1429.0,,,4.996326230712711
Edmonton CMA,Total,2025,1439.0,1456.0,,,1.1813759555246772
Fredericton CMA,1 Bedroom,2024,1080.0,1218.0,,,12.777777777777777
Fredericton CMA,1 Bedroom,2025,1159.0,1323.0,,,14.150129421915448
Fredericton CMA,2 Bedroom,2022,1048.0,1208.0,,,15.267175572519086
Fredericton CMA,2 Bedroom,2023,1250.0,1311.0,5.2,13.0,4.8799999999999955
Fredericton CMA,2 Bedroom,2024,1249.0,1448.0,3.3,17.0,15.93274619695757
Fredericton CMA,2 Bedroom,2025,1363.0,1564.0,,,14.746881878209827
Fredericton CMA,3 Bedroom +,2024,1570.0,1814.0,,,15.541401273885347
Fredericton CMA,3 Bedroom +,2025,1610.0,1830.0,,,13.664596273291929
Fredericton CMA,Studio,2024,983.0,1080.0,,,9.867751780264488
Fredericton CMA,Studio,2025,1017.0,1127.0,,,10.816125860373639
Fredericton CMA,Total,2024,1246.0,1426.0,,,14.446227929374
Fredericton CMA,Total,2025,1345.0,1519.0,,,12.936802973977702
Greater Sudbury/Grand Sudbury CMA,1 Bedroom,2024,1108.0,1348.0,,,21.66064981949458
Greater Sudbury/Grand Sudbury CMA,1 Bedroom,2025,1219.0,1421.0,,,16.57095980311731
Greater Sudbury/Grand Sudbury CMA,2 Bedroom,2021,1246.0,1555.0,,,24.79935794542536
Greater Sudbury/Grand Sudbury CMA,2 Bedroom,2022,1173.0,1378.0,,,17.476555839727204
Greater Sudbury/Grand Sudbury CMA,2 Bedroom,2023,1350.0,1647.0,,,21.999999999999996
Greater Sudbury/Grand Sudbury CMA,2 Bedroom,2024,1441.0,1586.0,,23.8,10.062456627342131
Greater Sudbury/Grand Sudbury CMA,2 Bedroom,2025,1536.0,1727.0,,,12.434895833333325
Greater Sudbury/Grand Sudbury CMA,3 Bedroom +,2024,1828.0,1827.0,,,-0.0547045951859948
Greater Sudbury/Grand Sudbury CMA,3 Bedroom +,2025,1822.0,1797.0,,,-1.3721185510428113
Greater Sudbury/Grand Sudbury CMA,Studio,2024,858.0,,,,
Greater Sudbury/Grand Sudbury CMA,Studio,2025,876.0,1143.0,,,30.47945205479452
Greater Sudbury/Grand Sudbury CMA,Total,2024,1320.0,1530.0,,,15.909090909090917
Greater Sudbury/Grand Sudbury CMA,Total,2025,1421.0,1627.0,,,14.496833216045047
Guelph CMA,1 Bedroom,2024,1529.0,2025.0,,,32.439502943100074
Guelph CMA,1 Bedroom,2025,1562.0,1909.0,,,22.215108834827134
Guelph CMA,2 Bedroom,2021,1379.0,1735.0,,,25.81580855692531
Guelph CMA,2 Bedroom,2022,1454.0,1812.0,,,24.621733149931234
Guelph CMA,2 Bedroom,2023,1563.0,2181.0,2.6,43.0,39.53934740882919
Guelph CMA,2 Bedroom,2024,1680.0,2291.0,,,36.36904761904762
Guelph CMA,2 Bedroom,2025,1726.0,2253.0,,,30.53302433371958
Guelph CMA,3 Bedroom +,2024,1884.0,2451.0,,,30.095541401273884
Guelph CMA,3 Bedroom +,2025,2038.0,2437.0,,,19.578017664376834
Guelph CMA,Studio,2024,1188.0,1518.0,,,27.777777777777768
Guelph CMA,Studio,2025,1386.0,,,,
Guelph CMA,Total,2024,1628.0,2158.0,,,32.55528255528255
Guelph CMA,Total,2025,1669.0,2057.0,,,23.24745356500899
Halifax CMA,1 Bedroom,2024,1341.0,1649.0,,,22.96793437733036
Halifax CMA,1 Bedroom,2025,1478.0,1680.0,,,13.66711772665765
Halifax CMA,2 Bedroom,2021,1281.0,1468.0,,,14.597970335675248
Halifax CMA,2 Bedroom,2022,1397.0,1762.0,4.496387861494941,28.940337394453703,26.127415891195426
Halifax CMA,2 Bedroom,2023,1590.0,1705.0,8.5,22.7,7.232704402515733
Halifax CMA,2 Bedroom,2024,1634.0,2116.0,,28.3,29.498164014687877
Halifax CMA,2 Bedroom,2025,1767.0,2058.0,,,16.46859083191852
Halifax CMA,3 Bedroom +,2024,2077.0,2716.0,,,30.765527202696184
Halifax CMA,3 Bedroom +,2025,2156.0,2607.0,,,20.918367346938773
Halifax CMA,Studio,2024,1155.0,1307.0,,,13.16017316017315
Halifax CMA,Studio,2025,1350.0,1437.0,,,6.444444444444453
Halifax CMA,Total,2024,1560.0,1935.0,,,24.03846153846154
Halifax CMA,Total,2025,1687.0,1921.0,,,13.870776526378181
Hamilton CMA,1 Bedroom,2024,1373.0,1737.0,,,26.511289147851414
Hamilton CMA,1 Bedroom,2025,1357.0,1704.0,,,25.5711127487104
Hamilton CMA,2 Bedroom,2021,1306.0,1707.0,,,30.704441041347618
Hamilton CMA,2 Bedroom,2022,1326.0,1679.0,,25.793741247270603,26.62141779788838
Hamilton CMA,2 Bedroom,2023,1540.0,2058.0,7.6,41.8,33.63636363636364
Hamilton CMA,2 Bedroom,2024,1575.0,2175.0,,,38.095238095238095
Hamilton CMA,2 Bedroom,2025,1585.0,2177.0,,,37.35015772870662
Hamilton CMA,3 Bedroom +,2024,1867.0,2680.0,,,43.54579539367971
Hamilton CMA,3 Bedroom +,2025,1835.0,2554.0,,,39.1825613079019
Hamilton CMA,Studio,2024,1019.0,1299.0,,,27.477919528949958
Hamilton CMA,Studio,2025,1058.0,1329.0,,,25.61436672967863
Hamilton CMA,Total,2024,1483.0,1985.0,,,33.85030343897506
Hamilton CMA,Total,2025,1485.0,1959.0,,,31.919191919191924
Kamloops CMA,1 Bedroom,2024,1226.0,1530.0,,,24.79608482871125
Kamloops CMA,1 Bedroom,2025,1271.0,1564.0,,,23.052714398111718
Kamloops CMA,2 Bedroom,2022,1189.0,1500.0,,,26.156433978132874
Kamloops CMA,2 Bedroom,2023,1480.0,1450.0,,,-2.0270270270270285
Kamloops CMA,2 Bedroom,2024,1454.0,1934.0,,,33.0123796423659
Kamloops CMA,2 Bedroom,2025,1584.0,1866.0,,,17.803030303030297
Kamloops CMA,3 Bedroom +,2024,1852.0,2185.0,,,17.980561555075592
Kamloops CMA,3 Bedroom +,2025,1951.0,1926.0,,,-1.2813941568426412
Kamloops CMA,Studio,2024,1226.0,1415.0,,,15.415986949429028
Kamloops CMA,Studio,2025,1267.0,1415.0,,,11.681136543014992
Kamloops CMA,Total,2024,1322.0,1697.0,,,28.366111951588515
Kamloops CMA,Total,2025,1401.0,1671.0,,,19.271948608137034
Kelowna CMA,1 Bedroom,2024,1438.0,1713.0,,,19.12378303198887
Kelowna CMA,1 Bedroom,2025,1503.0,1670.0,,,11.111111111111116
Kelowna CMA,2 Bedroom,2021,1351.0,1716.0,,,27.017024426350854
Kelowna CMA,2 Bedroom,2022,1562.0,1940.0,4.18477317939094,25.6805122253566,24.199743918053773
Kelowna CMA,2 Bedroom,2023,1708.0,2073.0,,23.5,21.370023419203754
Kelowna CMA,2 Bedroom,2024,1830.0,2105.0,,,15.02732240437159
Kelowna CMA,2 Bedroom,2025,1954.0,2442.0,,,24.974411463664282
Kelowna CMA,3 Bedroom +,2024,2211.0,2393.0,,,8.231569425599282
Kelowna CMA,3 Bedroom +,2025,3003.0,2563.0,,,-14.652014652014655
Kelowna CMA,Studio,2024,1237.0,1582.0,,,27.89005658852062
Kelowna CMA,Studio,2025,1373.0,1391.0,,,1.3109978150036339
Kelowna CMA,Total,2024,1632.0,1871.0,,,14.644607843137258
Kelowna CMA,Total,2025,1797.0,2087.0,,,16.138007790762376
Kingston CMA,1 Bedroom,2024,1352.0,1607.0,,,18.860946745562135
Kingston CMA,1 Bedroom,2025,1418.0,1682.0,,,18.617771509167834
Kingston CMA,2 Bedroom,2021,1360.0,1505.0,,,10.661764705882359
Kingston CMA,2 Bedroom,2022,1402.0,1612.0,,21.571116033030098,14.978601997146935
Kingston CMA,2 Bedroom,2023,1553.0,1824.0,3.1,,17.450096587250474
Kingston CMA,2 Bedroom,2024,1631.0,1930.0,,28.3,18.332311465358675
Kingston CMA,2 Bedroom,2025,1670.0,1970.0,,,17.964071856287433
Kingston CMA,3 Bedroom +,2024,,2889.0,,,
Kingston CMA,3 Bedroom +,2025,2651.0,2828.0,,,6.67672576386269
Kingston CMA,Studio,2024,1033.0,1207.0,,,16.84414327202324
Kingston CMA,Studio,2025,1128.0,1324.0,,,17.375886524822693
Kingston CMA,Total,2024,1541.0,1827.0,,,18.559377027903956
Kingston CMA,Total,2025,1620.0,1941.0,,,19.814814814814817
Kitchener-Cambridge-Waterloo CMA,1 Bedroom,2024,1343.0,1769.0,,,31.720029784065517
Kitchener-Cambridge-Waterloo CMA,1 Bedroom,2025,1462.0,1743.0,,,19.220246238030093
Kitchener-Cambridge-Waterloo CMA,2 Bedroom,2021,1279.0,1615.0,,,26.270523846755278
Kitchener-Cambridge-Waterloo CMA,2 Bedroom,2022,1332.0,1758.0,0.8586955940263241,25.5711956095189,31.98198198198199
Kitchener-Cambridge-Waterloo CMA,2 Bedroom,2023,1572.0,1927.0,2.4,37.0,22.582697201017822
Kitchener-Cambridge-Waterloo CMA,2 Bedroom,2024,1666.0,2137.0,,30.2,28.271308523409356
Kitchener-Cambridge-Waterloo CMA,2 Bedroom,2025,1768.0,2111.0,,,19.40045248868778
Kitchener-Cambridge-Waterloo CMA,3 Bedroom +,2024,1771.0,2551.0,,,44.042913608130995
Kitchener-Cambridge-Waterloo CMA,3 Bedroom +,2025,1787.0,2489.0,,,39.28371572467824
Kitchener-Cambridge-Waterloo CMA,Studio,2024,1231.0,1430.0,,,16.165718927701068
Kitchener-Cambridge-Waterloo CMA,Studio,2025,1208.0,1442.0,,,19.37086092715232
Kitchener-Cambridge-Waterloo CMA,Total,2024,1557.0,2004.0,,,28.70905587668593
Kitchener-Cambridge-Waterloo CMA,Total,2025,1653.0,1968.0,,,19.056261343012704
Lethbridge CMA,1 Bedroom,2024,1283.0,1328.0,,,3.507404520654722
Lethbridge CMA,1 Bedroom,2025,1408.0,1375.0,,,-2.34375
Lethbridge CMA,2 Bedroom,2021,993.0,1036.0,,,4.330312185297069
Lethbridge CMA,2 Bedroom,2022,1063.0,1068.0,5.54206548187875,,0.470366886171214
Lethbridge CMA,2 Bedroom,2023,1173.0,1254.0,6.0,12.6,6.9053708439897665
Lethbridge CMA,2 Bedroom,2024,1485.0,1662.0,,11.8,11.91919191919193
Lethbridge CMA,2 Bedroom,2025,1709.0,1689.0,,,-1.1702750146284413
Lethbridge CMA,3 Bedroom +,2024,1947.0,1653.0,,,-15.10015408320493
Lethbridge CMA,3 Bedroom +,2025,1952.0,1991.0,,,1.997950819672134
Lethbridge CMA,Total,2024,1447.0,1579.0,,,9.122322045611607
Lethbridge CMA,Total,2025,1636.0,1596.0,,,-2.444987775061125
London CMA,1 Bedroom,2024,1220.0,1590.0,,,30.327868852459016
London CMA,1 Bedroom,2025,1279.0,1596.0,,,24.78498827208757
London CMA,2 Bedroom,2021,1214.0,1501.0,,,23.64085667215816
London CMA,2 Bedroom,2022,1296.0,1664.0,2.13105513911175,25.693197810837496,28.395061728395056
London CMA,2 Bedroom,2023,1417.0,1820.0,2.7,35.7,28.440366972477072
London CMA,2 Bedroom,2024,1483.0,1920.0,2.8,31.3,29.467296021577894
London CMA,2 Bedroom,2025,1570.0,1878.0,,,19.617834394904456
London CMA,3 Bedroom +,2024,1768.0,2312.0,,,30.76923076923077
London CMA,3 Bedroom +,2025,1885.0,2399.0,,,27.267904509283824
London CMA,Studio,2024,982.0,1248.0,,,27.087576374745414
London CMA,Studio,2025,1014.0,1252.0,,,23.471400394477328
London CMA,Total,2024,1380.0,1776.0,,,28.695652173913032
London CMA,Total,2025,1453.0,1749.0,,,20.37164487267722
Manitoba,1 Bedroom,2024,1128.0,1188.0,,,5.319148936170204
Manitoba,1 Bedroom,2025,1184.0,1254.0,,,5.912162162162171
Manitoba,2 Bedroom,2021,1171.0,1318.0,,,12.553373185311688
Manitoba,2 Bedroom,2022,1242.0,1274.0,2.29160454965238,3.02574967524717,2.5764895330112614
Manitoba,2 Bedroom,2023,1340.0,1368.0,3.0,4.4,2.0895522388059806
Manitoba,2 Bedroom,2024,1413.0,1482.0,4.4,9.2,4.883227176220806
Manitoba,2 Bedroom,2025,1484.0,1547.0,,,4.245283018867929
Manitoba,3 Bedroom +,2024,1639.0,1696.0,,,3.4777303233679113
Manitoba,3 Bedroom +,2025,1708.0,1860.0,,,8.899297423887598
Manitoba,Studio,2024,861.0,856.0,,,-0.5807200929152101
Manitoba,Studio,2025,886.0,939.0,,,5.98194130925509
Manitoba,Total,2024,1265.0,1346.0,,,6.403162055335976
Manitoba,Total,2025,1333.0,1398.0,,,4.876219054763697
Moncton CMA,1 Bedroom,2024,1043.0,1171.0,,,12.272291466922347
Moncton CMA,1 Bedroom,2025,1116.0,1213.0,,,8.691756272401442
Moncton CMA,2 Bedroom,2021,1003.0,1061.0,,,5.782652043868386
Moncton CMA,2 Bedroom,2022,1050.0,1302.0,5.24213958939153,12.182522635331699,24.0
Moncton CMA,2 Bedroom,2023,1195.0,1286.0,5.0,13.8,7.615062761506275
Moncton CMA,2 Bedroom,2024,1295.0,1426.0,4.2,14.5,10.115830115830127
Moncton CMA,2 Bedroom,2025,1378.0,1503.0,,,9.071117561683595
Moncton CMA,3 Bedroom +,2024,1380.0,1656.0,,,19.999999999999996
Moncton CMA,3 Bedroom +,2025,1479.0,1610.0,,,8.857336037863428
Moncton CMA,Studio,2024,925.0,984.0,,,6.37837837837838
Moncton CMA,Studio,2025,999.0,1048.0,,,4.904904904904894
Moncton CMA,Total,2024,1233.0,1353.0,,,9.73236009732361
Moncton CMA,Total,2025,1315.0,1418.0,,,7.832699619771866
Montréal CMA,1 Bedroom,2024,995.0,1332.0,,,33.86934673366835
Montréal CMA,1 Bedroom,2025,1089.0,1327.0,,,21.854912764003664
Montréal CMA,2 Bedroom,2021,884.0,1103.0,,,24.773755656108598
Montréal CMA,2 Bedroom,2022,963.0,1235.0,3.4731252473182197,14.5118776473732,28.24506749740394
Montréal CMA,2 Bedroom,2023,1052.0,1310.0,5.7,18.9,24.52471482889733
Montréal CMA,2 Bedroom,2024,1126.0,1407.0,4.7,18.7,24.955595026642975
Montréal CMA,2 Bedroom,2025,1306.0,1644.0,,,25.88055130168454
Montréal CMA,3 Bedroom +,2024,1431.0,1971.0,,,37.73584905660377
Montréal CMA,3 Bedroom +,2025,1569.0,2015.0,,,28.42574888463989
Montréal CMA,Studio,2024,855.0,1069.0,,,25.02923976608187
Montréal CMA,Studio,2025,976.0,1104.0,,,13.114754098360649
Montréal CMA,Total,2024,1118.0,1420.0,,,27.01252236135958
Montréal CMA,Total,2025,1251.0,1517.0,,,21.262989608313344
Nanaimo CMA,1 Bedroom,2024,1295.0,1660.0,,,28.185328185328196
Nanaimo CMA,1 Bedroom,2025,1435.0,1709.0,,,19.094076655052273
Nanaimo CMA,2 Bedroom,2022,1326.0,1841.0,,,38.83861236802413
Nanaimo CMA,2 Bedroom,2023,1520.0,1956.0,,,28.68421052631578
Nanaimo CMA,2 Bedroom,2024,1661.0,2087.0,,,25.647200481637576
Nanaimo CMA,2 Bedroom,2025,1799.0,2108.0,,,17.176209005002786
Nanaimo CMA,3 Bedroom +,2024,1751.0,2428.0,,,38.663620788121065
Nanaimo CMA,3 Bedroom +,2025,1672.0,2434.0,,,45.57416267942585
Nanaimo CMA,Studio,2024,1197.0,1456.0,,,21.63742690058479
Nanaimo CMA,Studio,2025,1218.0,1319.0,,,8.292282430213472
Nanaimo CMA,Total,2024,1453.0,1789.0,,,23.124569855471442
Nanaimo CMA,Total,2025,1578.0,1845.0,,,16.92015209125475
New Brunswick,1 Bedroom,2024,967.0,1154.0,,,19.338159255429165
New Brunswick,1 Bedroom,2025,1027.0,1218.0,,,18.597857838364163
New Brunswick,2 Bedroom,2021,919.0,1031.0,,,12.187159956474435
New Brunswick,2 Bedroom,2022,990.0,1212.0,5.39981616910242,12.453497048659699,22.424242424242415
New Brunswick,2 Bedroom,2023,1139.0,1255.0,5.9,14.1,10.184372256365236
New Brunswick,2 Bedroom,2024,1220.0,1398.0,5.1,16.4,14.590163934426226
New Brunswick,2 Bedroom,2025,1307.0,1477.0,,,13.006885998469775
New Brunswick,3 Bedroom +,2024,1318.0,1596.0,,,21.09256449165402
New Brunswick,3 Bedroom +,2025,1416.0,1671.0,,,18.008474576271194
New Brunswick,Studio,2024,830.0,966.0,,,16.385542168674693
New Brunswick,Studio,2025,881.0,1030.0,,,16.912599318955724
New Brunswick,Total,2024,1155.0,1343.0,,,16.277056277056268
New Brunswick,Total,2025,1236.0,1413.0,,,14.320388349514568
Newfoundland & Labrador,2 Bedroom,2021,920.0,966.0,,,5.000000000000004
Newfoundland & Labrador,2 Bedroom,2022,923.0,,5.63104244437574,,
Newfoundland & Labrador,2 Bedroom,2023,1074.0,1056.0,7.1,7.8,-1.6759776536312887
Newfoundland & Labrador,2 Bedroom,2024,1044.0,1164.0,2.8,9.1,11.494252873563227
Newfoundland and Labrador,1 Bedroom,2024,887.0,1022.0,,,15.219842164599772
Newfoundland and Labrador,1 Bedroom,2025,995.0,1105.0,,,11.05527638190955
Newfoundland and Labrador,2 Bedroom,2024,1044.0,1164.0,,,11.494252873563227
Newfoundland and Labrador,2 Bedroom,2025,1170.0,1463.0,,,25.042735042735043
Newfoundland and Labrador,3 Bedroom +,2024,1151.0,1399.0,,,21.546481320590782
Newfoundland and Labrador,3 Bedroom +,2025,1177.0,1477.0,,,25.48853016142736
Newfoundland and Labrador,Studio,2024,844.0,932.0,,,10.426540284360186
Newfoundland and Labrador,Studio,2025,863.0,1026.0,,,18.887601390498254
Newfoundland and Labrador,Total,2024,991.0,1118.0,,,12.815338042381441
Newfoundland and Labrador,Total,2025,1091.0,1316.0,,,20.62328139321723
Nova Scotia,1 Bedroom,2024,1290.0,1588.0,,,23.10077519379845
Nova Scotia,1 Bedroom,2025,1426.0,1657.0,,,16.19915848527349
Nova Scotia,2 Bedroom,2021,1195.0,1420.0,,,18.828451882845187
Nova Scotia,2 Bedroom,2022,1291.0,1648.0,4.07115994083078,28.260508804376798,27.652982184353213
Nova Scotia,2 Bedroom,2023,1484.0,1569.0,8.2,22.2,5.727762803234504
Nova Scotia,2 Bedroom,2024,1541.0,1954.0,2.1,28.1,26.800778715120053
Nova Scotia,2 Bedroom,2025,1653.0,1963.0,,,18.753781004234725
Nova Scotia,3 Bedroom +,2024,2026.0,2604.0,,,28.529121421520244
Nova Scotia,3 Bedroom +,2025,2102.0,2576.0,,,22.5499524262607
Nova Scotia,Studio,2024,1104.0,1260.0,,,14.130434782608692
Nova Scotia,Studio,2025,1294.0,1403.0,,,8.423493044822262
Nova Scotia,Total,2024,1487.0,1829.0,,,22.99932750504372
Nova Scotia,Total,2025,1603.0,1865.0,,,16.344354335620714
Ontario,1 Bedroom,2024,1487.0,1814.0,,,21.990585070611978
Ontario,1 Bedroom,2025,1535.0,1828.0,,,19.087947882736156
Ontario,2 Bedroom,2021,1375.0,1719.0,,,25.01818181818183
Ontario,2 Bedroom,2022,1433.0,1818.0,2.2328533565397,27.199304393866104,26.866713189113756
Ontario,2 Bedroom,2023,1625.0,1983.0,3.9,35.6,22.03076923076923
Ontario,2 Bedroom,2024,1700.0,2107.0,1.5,34.4,23.941176470588243
Ontario,2 Bedroom,2025,1766.0,2167.0,,,22.706681766704406
Ontario,3 Bedroom +,2024,1981.0,2566.0,,,29.530540131246852
Ontario,3 Bedroom +,2025,2100.0,2601.0,,,23.857142857142865
Ontario,Studio,2024,1274.0,1568.0,,,23.076923076923084
Ontario,Studio,2025,1312.0,1564.0,,,19.20731707317074
Ontario,Total,2024,1611.0,1973.0,,,22.470515207945386
Ontario,Total,2025,1674.0,1994.0,,,19.115890083632014
Oshawa CMA,1 Bedroom,2024,1554.0,1596.0,,,2.7027027027026973
Oshawa CMA,1 Bedroom,2025,1580.0,1638.0,,,3.6708860759493644
Oshawa CMA,2 Bedroom,2021,1375.0,1703.0,,,23.854545454545462
Oshawa CMA,2 Bedroom,2022,1394.0,1712.0,,,22.812051649928257
Oshawa CMA,2 Bedroom,2023,1582.0,1777.0,,,12.326169405815413
Oshawa CMA,2 Bedroom,2024,1637.0,2037.0,,,24.434941967012836
Oshawa CMA,2 Bedroom,2025,1731.0,1959.0,,,13.171577123050259
Oshawa CMA,3 Bedroom +,2024,1802.0,2489.0,,,38.1243063263041
Oshawa CMA,3 Bedroom +,2025,1960.0,2090.0,,,6.632653061224492
Oshawa CMA,Studio,2024,1272.0,,,,
Oshawa CMA,Studio,2025,1334.0,1346.0,,,0.8995502248875464
Oshawa CMA,Total,2024,1619.0,1936.0,,,19.579987646695486
Oshawa CMA,Total,2025,1688.0,1865.0,,,10.485781990521325
Ottawa-Gatineau CMA (Ont. part),1 Bedroom,2024,1443.0,1715.0,,,18.849618849618842
Ottawa-Gatineau CMA (Ont. part),1 Bedroom,2025,1515.0,1738.0,,,14.719471947194718
Ottawa-Gatineau CMA (Ont. part),2 Bedroom,2021,1457.0,1641.0,,,12.628689087165412
Ottawa-Gatineau CMA (Ont. part),2 Bedroom,2022,1507.0,1829.0,2.68845604193715,16.3868555268405,21.366954213669544
Ottawa-Gatineau CMA (Ont. part),2 Bedroom,2023,1643.0,1903.0,1.2,19.7,15.824710894704808
Ottawa-Gatineau CMA (Ont. part),2 Bedroom,2024,1779.0,2118.0,2.2,23.8,19.05564924114671
Ottawa-Gatineau CMA (Ont. part),2 Bedroom,2025,1848.0,2155.0,,,16.61255411255411
Ottawa-Gatineau CMA (Ont. part),3 Bedroom +,2024,2096.0,2545.0,,,21.42175572519085
Ottawa-Gatineau CMA (Ont. part),3 Bedroom +,2025,2146.0,2538.0,,,18.26654240447343
Ottawa-Gatineau CMA (Ont. part),Studio,2024,1184.0,1432.0,,,20.945945945945944
Ottawa-Gatineau CMA (Ont. part),Studio,2025,1276.0,1469.0,,,15.125391849529791
Ottawa-Gatineau CMA (Ont. part),Total,2024,1587.0,1884.0,,,18.714555765595463
Ottawa-Gatineau CMA (Ont. part),Total,2025,1658.0,1881.0,,,13.449939686369117
Ottawa-Gatineau CMA (Qué. part),1 Bedroom,2024,1200.0,1482.0,,,23.50000000000001
Ottawa-Gatineau CMA (Qué. part),1 Bedroom,2025,1282.0,1468.0,,,14.50858034321374
Ottawa-Gatineau CMA (Qué. part),2 Bedroom,2021,952.0,1127.0,,,18.38235294117647
Ottawa-Gatineau CMA (Qué. part),2 Bedroom,2022,1122.0,1250.0,,10.9653728961751,11.408199643493756
Ottawa-Gatineau CMA (Qué. part),2 Bedroom,2023,1208.0,1375.0,,,13.824503311258285
Ottawa-Gatineau CMA (Qué. part),2 Bedroom,2024,1324.0,1422.0,,14.7,7.401812688821763
Ottawa-Gatineau CMA (Qué. part),2 Bedroom,2025,1375.0,1629.0,,,18.472727272727262
Ottawa-Gatineau CMA (Qué. part),3 Bedroom +,2024,1314.0,1481.0,,,12.709284627092842
Ottawa-Gatineau CMA (Qué. part),3 Bedroom +,2025,1406.0,1725.0,,,22.688477951635843
Ottawa-Gatineau CMA (Qué. part),Studio,2024,894.0,1116.0,,,24.83221476510067
Ottawa-Gatineau CMA (Qué. part),Studio,2025,966.0,1230.0,,,27.329192546583858
Ottawa-Gatineau CMA (Qué. part),Total,2024,1289.0,1439.0,,,11.636927851047329
Ottawa-Gatineau CMA (Qué. part),Total,2025,1335.0,1573.0,,,17.827715355805253
Peterborough CMA,1 Bedroom,2024,1174.0,1446.0,,,23.168654173764903
Peterborough CMA,1 Bedroom,2025,1232.0,1335.0,,,8.360389610389607
Peterborough CMA,2 Bedroom,2021,1270.0,1419.0,,,11.73228346456694
Peterborough CMA,2 Bedroom,2022,1243.0,1767.0,,,42.15607401448109
Peterborough CMA,2 Bedroom,2023,1369.0,1791.0,,,30.825420014609193
Peterborough CMA,2 Bedroom,2024,1469.0,1803.0,,22.4,22.73655547991831
Peterborough CMA,2 Bedroom,2025,1494.0,1779.0,,,19.076305220883526
Peterborough CMA,3 Bedroom +,2024,1697.0,2127.0,,,25.338833235120806
Peterborough CMA,3 Bedroom +,2025,1709.0,1967.0,,,15.096547688706853
Peterborough CMA,Studio,2024,963.0,927.0,,,-3.738317757009346
Peterborough CMA,Studio,2025,932.0,1220.0,,,30.90128755364807
Peterborough CMA,Total,2024,1361.0,1658.0,,,21.82218956649522
Peterborough CMA,Total,2025,1401.0,1565.0,,,11.705924339757324
Prince Edward Island,1 Bedroom,2024,950.0,1035.0,,,8.947368421052637
Prince Edward Island,1 Bedroom,2025,1002.0,1199.0,,,19.66067864271457
Prince Edward Island,2 Bedroom,2021,1017.0,1037.0,,,1.9665683382497523
Prince Edward Island,2 Bedroom,2022,1023.0,1126.0,,,10.068426197458447
Prince Edward Island,2 Bedroom,2023,1126.0,1235.0,,,9.680284191829491
Prince Edward Island,2 Bedroom,2024,1152.0,1369.0,3.4,,18.836805555555557
Prince Edward Island,2 Bedroom,2025,1236.0,1467.0,,,18.68932038834952
Prince Edward Island,3 Bedroom +,2024,1294.0,1220.0,,,-5.71870170015456
Prince Edward Island,3 Bedroom +,2025,1448.0,1536.0,,,6.077348066298338
Prince Edward Island,Studio,2025,918.0,,,,
Prince Edward Island,Total,2024,1103.0,1267.0,,,14.868540344514969
Prince Edward Island,Total,2025,1189.0,1409.0,,,18.50294365012615
Québec,1 Bedroom,2024,953.0,1209.0,,,26.862539349422864
Québec,1 Bedroom,2025,1054.0,1241.0,,,17.741935483870975
Québec,2 Bedroom,2021,848.0,991.0,,,16.86320754716981
Québec,2 Bedroom,2022,916.0,1145.0,3.6222942960546805,13.2233390512143,25.0
Québec,2 Bedroom,2023,1005.0,1210.0,5.6,17.4,20.398009950248763
Québec,2 Bedroom,2024,1086.0,1310.0,4.8,17.4,20.626151012891334
Québec,2 Bedroom,2025,1233.0,1492.0,,,21.005677210056774
Québec,3 Bedroom +,2024,1330.0,1722.0,,,29.47368421052632
Québec,3 Bedroom +,2025,1448.0,1751.0,,,20.925414364640883
Québec,Studio,2024,821.0,994.0,,,21.071863580998773
Québec,Studio,2025,925.0,1037.0,,,12.108108108108118
Québec,Total,2024,1075.0,1307.0,,,21.581395348837205
Québec,Total,2025,1194.0,1404.0,,,17.587939698492463
Québec CMA,1 Bedroom,2024,961.0,1024.0,,,6.555671175858491
Québec CMA,1 Bedroom,2025,1088.0,1142.0,,,4.9632352941176405
Québec CMA,2 Bedroom,2021,875.0,905.0,,,3.4285714285714253
Québec CMA,2 Bedroom,2022,903.0,1001.0,3.3831790131942,8.22990899252914,10.852713178294572
Québec CMA,2 Bedroom,2023,1009.0,1128.0,3.9,13.0,11.793855302279477
Québec CMA,2 Bedroom,2024,1113.0,1219.0,4.3,11.8,9.523809523809534
Québec CMA,2 Bedroom,2025,1245.0,1354.0,,,8.755020080321273
Québec CMA,3 Bedroom +,2024,1290.0,1538.0,,,19.224806201550383
Québec CMA,3 Bedroom +,2025,1422.0,1656.0,,,16.455696202531644
Québec CMA,Studio,2024,794.0,863.0,,,8.69017632241813
Québec CMA,Studio,2025,827.0,930.0,,,12.454655380894808
Québec CMA,Total,2024,1080.0,1158.0,,,7.222222222222219
Québec CMA,Total,2025,1199.0,1286.0,,,7.256046705587993
Red Deer CMA,1 Bedroom,2024,1122.0,1248.0,,,11.229946524064172
Red Deer CMA,1 Bedroom,2025,1207.0,1170.0,,,-3.0654515327257714
Red Deer CMA,2 Bedroom,2022,1086.0,1075.0,,,-1.01289134438306
Red Deer CMA,2 Bedroom,2023,1167.0,1261.0,7.8,12.5,8.054841473864617
Red Deer CMA,2 Bedroom,2024,1323.0,1486.0,8.9,14.2,12.320483749055168
Red Deer CMA,2 Bedroom,2025,1410.0,1429.0,,,1.3475177304964614
Red Deer CMA,3 Bedroom +,2024,1495.0,1712.0,,,14.515050167224075
Red Deer CMA,3 Bedroom +,2025,1462.0,1642.0,,,12.311901504787958
Red Deer CMA,Studio,2024,930.0,1009.0,,,8.49462365591398
Red Deer CMA,Studio,2025,1045.0,984.0,,,-5.837320574162675
Red Deer CMA,Total,2024,1241.0,1432.0,,,15.390813859790487
Red Deer CMA,Total,2025,1319.0,1328.0,,,0.6823351023502733
Regina CMA,1 Bedroom,2024,1131.0,1304.0,,,15.296198054818744
Regina CMA,1 Bedroom,2025,1205.0,1311.0,,,8.796680497925301
Regina CMA,2 Bedroom,2021,1132.0,1295.0,,,14.399293286219073
Regina CMA,2 Bedroom,2022,1159.0,1323.0,1.79917969588329,3.20726161495312,14.150129421915448
Regina CMA,2 Bedroom,2023,1263.0,1390.0,6.1,9.4,10.055423594615998
Regina CMA,2 Bedroom,2024,1357.0,1542.0,7.2,12.1,13.633014001473832
Regina CMA,2 Bedroom,2025,1445.0,1563.0,,,8.166089965397916
Regina CMA,3 Bedroom +,2024,1659.0,1791.0,,,7.956600361663657
Regina CMA,3 Bedroom +,2025,1789.0,2043.0,,,14.197875908328683
Regina CMA,Studio,2024,843.0,968.0,,,14.827995255041525
Regina CMA,Studio,2025,879.0,964.0,,,9.670079635949946
Regina CMA,Total,2024,1257.0,1441.0,,,14.638027048528235
Regina CMA,Total,2025,1346.0,1461.0,,,8.543833580980674
Saguenay CMA,1 Bedroom,2024,645.0,750.0,,,16.279069767441868
Saguenay CMA,1 Bedroom,2025,721.0,927.0,,,28.57142857142858
Saguenay CMA,2 Bedroom,2021,700.0,683.0,,,-2.4285714285714244
Saguenay CMA,2 Bedroom,2022,695.0,747.0,3.23166197530275,,7.482014388489211
Saguenay CMA,2 Bedroom,2023,761.0,857.0,6.0,14.1,12.614980289093292
Saguenay CMA,2 Bedroom,2024,843.0,980.0,6.1,,16.25148279952551
Saguenay CMA,2 Bedroom,2025,961.0,1118.0,,,16.33714880332986
Saguenay CMA,3 Bedroom +,2024,945.0,1135.0,,,20.105820105820115
Saguenay CMA,3 Bedroom +,2025,985.0,1384.0,,,40.507614213197975
Saguenay CMA,Studio,2024,564.0,643.0,,,14.00709219858156
Saguenay CMA,Studio,2025,648.0,719.0,,,10.956790123456784
Saguenay CMA,Total,2024,812.0,942.0,,,16.009852216748776
Saguenay CMA,Total,2025,909.0,1109.0,,,22.002200220021994
Saint John CMA,1 Bedroom,2024,949.0,1153.0,,,21.496311907270815
Saint John CMA,1 Bedroom,2025,966.0,1198.0,,,24.01656314699794
Saint John CMA,2 Bedroom,2021,842.0,928.0,,,10.213776722090252
Saint John CMA,2 Bedroom,2022,970.0,1086.0,5.9862531364979095,,11.95876288659794
Saint John CMA,2 Bedroom,2023,1064.0,1207.0,,,13.439849624060152
Saint John CMA,2 Bedroom,2024,1172.0,1366.0,5.7,,16.552901023890776
Saint John CMA,2 Bedroom,2025,1247.0,1428.0,,,14.51483560545308
Saint John CMA,3 Bedroom +,2024,1124.0,1454.0,,,29.359430604982208
Saint John CMA,3 Bedroom +,2025,1238.0,1585.0,,,28.029079159935378
Saint John CMA,Studio,2024,756.0,959.0,,,26.851851851851862
Saint John CMA,Studio,2025,823.0,1163.0,,,41.31227217496962
Saint John CMA,Total,2024,1091.0,1319.0,,,20.898258478460118
Saint John CMA,Total,2025,1157.0,1379.0,,,19.187554019014684
Saskatchewan,1 Bedroom,2024,1102.0,1236.0,,,12.159709618874782
Saskatchewan,1 Bedroom,2025,1164.0,1262.0,,,8.419243986254287
Saskatchewan,2 Bedroom,2021,1089.0,1182.0,,,8.539944903581276
Saskatchewan,2 Bedroom,2022,1144.0,1267.0,1.9893160109878498,3.0727587629061097,10.75174825174825
Saskatchewan,2 Bedroom,2023,1227.0,1347.0,6.4,10.2,9.7799511002445
Saskatchewan,2 Bedroom,2024,1340.0,1449.0,6.3,11.8,8.134328358208954
Saskatchewan,2 Bedroom,2025,1429.0,1486.0,,,3.988803358992299
Saskatchewan,3 Bedroom +,2024,1529.0,1693.0,,,10.725964682799205
Saskatchewan,3 Bedroom +,2025,1675.0,1790.0,,,6.865671641791038
Saskatchewan,Studio,2024,829.0,973.0,,,17.37032569360675
Saskatchewan,Studio,2025,887.0,980.0,,,10.484780157835406
Saskatchewan,Total,2024,1247.0,1377.0,,,10.425020048115474
Saskatchewan,Total,2025,1328.0,1400.0,,,5.421686746987953
Saskatoon CMA,1 Bedroom,2024,1168.0,1250.0,,,7.02054794520548
Saskatoon CMA,1 Bedroom,2025,1233.0,1281.0,,,3.8929440389294356
Saskatoon CMA,2 Bedroom,2021,1179.0,1154.0,,,-2.120441051738764
Saskatoon CMA,2 Bedroom,2022,1274.0,1312.0,1.92132272011498,3.11612035172621,2.982731554160134
Saskatoon CMA,2 Bedroom,2023,1319.0,1411.0,6.8,10.7,6.974981046247164
Saskatoon CMA,2 Bedroom,2024,1449.0,1490.0,5.5,11.2,2.8295376121463045
Saskatoon CMA,2 Bedroom,2025,1533.0,1556.0,,,1.5003261578603988
Saskatoon CMA,3 Bedroom +,2024,1620.0,1719.0,,,6.111111111111112
Saskatoon CMA,3 Bedroom +,2025,1729.0,1676.0,,,-3.0653556969346463
Saskatoon CMA,Studio,2024,878.0,1028.0,,,17.08428246013667
Saskatoon CMA,Studio,2025,947.0,1043.0,,,10.137275607180563
Saskatoon CMA,Total,2024,1346.0,1412.0,,,4.903417533432397
Saskatoon CMA,Total,2025,1424.0,1440.0,,,1.1235955056179803
Sherbrooke CMA,1 Bedroom,2024,788.0,872.0,,,10.659898477157359
Sherbrooke CMA,1 Bedroom,2025,894.0,919.0,,,2.796420581655479
Sherbrooke CMA,2 Bedroom,2021,693.0,674.0,,,-2.741702741702745
Sherbrooke CMA,2 Bedroom,2022,774.0,818.0,6.567319463892909,4.62366414136037,5.68475452196382
Sherbrooke CMA,2 Bedroom,2023,878.0,941.0,9.0,14.1,7.175398633257402
Sherbrooke CMA,2 Bedroom,2024,986.0,1028.0,8.4,,4.259634888438124
Sherbrooke CMA,2 Bedroom,2025,1048.0,1108.0,,,5.725190839694649
Sherbrooke CMA,3 Bedroom +,2024,1202.0,1432.0,,,19.134775374376044
Sherbrooke CMA,3 Bedroom +,2025,1338.0,1552.0,,,15.994020926756347
Sherbrooke CMA,Studio,2024,631.0,696.0,,,10.301109350237713
Sherbrooke CMA,Studio,2025,714.0,664.0,,,-7.002801120448177
Sherbrooke CMA,Total,2024,974.0,1068.0,,,9.65092402464065
Sherbrooke CMA,Total,2025,1071.0,1136.0,,,6.069094304388423
St. Catharines-Niagara CMA,1 Bedroom,2024,1183.0,1598.0,,,35.08030431107354
St. Catharines-Niagara CMA,1 Bedroom,2025,1240.0,1619.0,,,30.56451612903226
St. Catharines-Niagara CMA,2 Bedroom,2021,1135.0,1428.0,,,25.814977973568286
St. Catharines-Niagara CMA,2 Bedroom,2022,1184.0,1527.0,,,28.969594594594604
St. Catharines-Niagara CMA,2 Bedroom,2023,1343.0,1703.0,4.4,,26.80565897244973
St. Catharines-Niagara CMA,2 Bedroom,2024,1420.0,1819.0,,27.3,28.09859154929577
St. Catharines-Niagara CMA,2 Bedroom,2025,1470.0,1911.0,,,30.000000000000004
St. Catharines-Niagara CMA,3 Bedroom +,2024,1462.0,2150.0,,,47.058823529411775
St. Catharines-Niagara CMA,3 Bedroom +,2025,1587.0,2121.0,,,33.648393194707005
St. Catharines-Niagara CMA,Studio,2024,927.0,1236.0,,,33.33333333333333
St. Catharines-Niagara CMA,Studio,2025,977.0,1246.0,,,27.533265097236438
St. Catharines-Niagara CMA,Total,2024,1341.0,1749.0,,,30.425055928411627
St. Catharines-Niagara CMA,Total,2025,1387.0,1765.0,,,27.253064167267492
St. John's CMA,1 Bedroom,2024,935.0,1063.0,,,13.689839572192518
St. John's CMA,1 Bedroom,2025,1079.0,1120.0,,,3.7998146431881263
St. John's CMA,2 Bedroom,2021,1016.0,1037.0,,,2.066929133858264
St. John's CMA,2 Bedroom,2022,1028.0,,4.23877582609098,,
St. John's CMA,2 Bedroom,2023,1186.0,1169.0,,,-1.433389544688024
St. John's CMA,2 Bedroom,2024,1153.0,1299.0,,9.4,12.66261925411969
St. John's CMA,2 Bedroom,2025,1315.0,1607.0,,,22.20532319391635
St. John's CMA,3 Bedroom +,2024,1183.0,1452.0,,,22.738799661876573
St. John's CMA,3 Bedroom +,2025,1216.0,1477.0,,,21.463815789473696
St. John's CMA,Studio,2024,866.0,935.0,,,7.9676674364896005
St. John's CMA,Studio,2025,921.0,1026.0,,,11.40065146579805
St. John's CMA,Total,2024,1060.0,1191.0,,,12.358490566037727
St. John's CMA,Total,2025,1191.0,1378.0,,,15.701091519731314
Thunder Bay CMA,1 Bedroom,2024,1136.0,1231.0,,,8.362676056338024
Thunder Bay CMA,1 Bedroom,2025,1142.0,1345.0,,,17.775831873905435
Thunder Bay CMA,2 Bedroom,2021,1069.0,1304.0,,,21.983161833489252
Thunder Bay CMA,2 Bedroom,2022,1136.0,1326.0,,,16.72535211267605
Thunder Bay CMA,2 Bedroom,2023,1314.0,1372.0,5.9,,4.414003044140036
Thunder Bay CMA,2 Bedroom,2024,1425.0,1498.0,6.6,,5.122807017543862
Thunder Bay CMA,2 Bedroom,2025,1442.0,1679.0,,,16.435506241331478
Thunder Bay CMA,3 Bedroom +,2024,1893.0,1769.0,,,-6.550449022715266
Thunder Bay CMA,3 Bedroom +,2025,1813.0,2091.0,,,15.33370104798677
Thunder Bay CMA,Studio,2024,816.0,1075.0,,,31.74019607843137
Thunder Bay CMA,Studio,2025,965.0,1083.0,,,12.22797927461139
Thunder Bay CMA,Total,2024,1319.0,1424.0,,,7.960576194086433
Thunder Bay CMA,Total,2025,1337.0,1511.0,,,13.014210919970083
Toronto CMA,1 Bedroom,2024,1663.0,2179.0,,,31.028262176788935
Toronto CMA,1 Bedroom,2025,1711.0,2073.0,,,21.1572180011689
Toronto CMA,2 Bedroom,2021,1554.0,2014.0,,,29.601029601029595
Toronto CMA,2 Bedroom,2022,1611.0,2110.0,2.31931909910073,29.080291983702,30.974549968963384
Toronto CMA,2 Bedroom,2023,1868.0,2405.0,4.4,40.4,28.747323340471098
Toronto CMA,2 Bedroom,2024,1918.0,2612.0,0.9,40.7,36.18352450469238
Toronto CMA,2 Bedroom,2025,1984.0,2547.0,,,28.37701612903225
Toronto CMA,3 Bedroom +,2024,2152.0,3138.0,,,45.817843866171
Toronto CMA,3 Bedroom +,2025,2263.0,2893.0,,,27.839151568714104
Toronto CMA,Studio,2024,1409.0,1830.0,,,29.879347054648697
Toronto CMA,Studio,2025,1443.0,1708.0,,,18.364518364518357
Toronto CMA,Total,2024,1796.0,2358.0,,,31.29175946547884
Toronto CMA,Total,2025,1863.0,2256.0,,,21.095008051529796
Trois-Rivières CMA,1 Bedroom,2024,684.0,717.0,,,4.824561403508776
Trois-Rivières CMA,1 Bedroom,2025,777.0,829.0,,,6.692406692406694
Trois-Rivières CMA,2 Bedroom,2021,631.0,624.0,,,-1.1093502377179099
Trois-Rivières CMA,2 Bedroom,2022,675.0,779.0,4.77792467710427,,15.407407407407403
Trois-Rivières CMA,2 Bedroom,2023,764.0,860.0,8.5,13.4,12.565445026178
Trois-Rivières CMA,2 Bedroom,2024,839.0,1047.0,5.3,12.0,24.791418355184746
Trois-Rivières CMA,2 Bedroom,2025,957.0,1101.0,,,15.047021943573657
Trois-Rivières CMA,3 Bedroom +,2024,933.0,1089.0,,,16.7202572347267
Trois-Rivières CMA,3 Bedroom +,2025,1051.0,1292.0,,,22.93054234062797
Trois-Rivières CMA,Studio,2024,500.0,,,,
Trois-Rivières CMA,Studio,2025,642.0,738.0,,,14.953271028037385
Trois-Rivières CMA,Total,2024,811.0,925.0,,,14.056720098643648
Trois-Rivières CMA,Total,2025,928.0,1055.0,,,13.68534482758621
Vancouver CMA,1 Bedroom,2024,1717.0,2197.0,,,27.955736750145597
Vancouver CMA,1 Bedroom,2025,1737.0,2107.0,,,21.301093839953932
Vancouver CMA,2 Bedroom,2021,1651.0,2036.0,,,23.319200484554827
Vancouver CMA,2 Bedroom,2022,1847.0,2325.0,3.87927766629324,23.9182102807664,25.879805089334052
Vancouver CMA,2 Bedroom,2023,2082.0,2601.0,5.9,33.5,24.927953890489917
Vancouver CMA,2 Bedroom,2024,2241.0,2883.0,3.7,26.5,28.647925033467203
Vancouver CMA,2 Bedroom,2025,2271.0,2696.0,,,18.7142228093351
Vancouver CMA,3 Bedroom +,2024,2817.0,3694.0,,,31.13241036563721
Vancouver CMA,3 Bedroom +,2025,2884.0,3455.0,,,19.798890429958394
Vancouver CMA,Studio,2024,1508.0,1954.0,,,29.575596816976123
Vancouver CMA,Studio,2025,1598.0,1886.0,,,18.022528160200245
Vancouver CMA,Total,2024,1865.0,2352.0,,,26.11260053619302
Vancouver CMA,Total,2025,1888.0,2246.0,,,18.96186440677967
Victoria CMA,1 Bedroom,2024,1419.0,1935.0,,,36.36363636363635
Victoria CMA,1 Bedroom,2025,1558.0,1914.0,,,22.84980744544287
Victoria CMA,2 Bedroom,2021,1521.0,1897.0,,,24.72057856673242
Victoria CMA,2 Bedroom,2022,1584.0,2156.0,2.56916390118257,,36.111111111111114
Victoria CMA,2 Bedroom,2023,1713.0,2351.0,3.7,37.1,37.244600116754235
Victoria CMA,2 Bedroom,2024,1849.0,2474.0,,,33.80205516495403
Victoria CMA,2 Bedroom,2025,2001.0,2536.0,,,26.73663168415792
Victoria CMA,3 Bedroom +,2024,2193.0,3072.0,,,40.08207934336525
Victoria CMA,3 Bedroom +,2025,2581.0,3270.0,,,26.69507942657885
Victoria CMA,Studio,2024,1269.0,1689.0,,,33.096926713947994
Victoria CMA,Studio,2025,1270.0,1651.0,,,30.000000000000004
Victoria CMA,Total,2024,1566.0,2093.0,,,33.65261813537677
Victoria CMA,Total,2025,1706.0,2130.0,,,24.853458382180538
Windsor CMA,1 Bedroom,2024,1062.0,1419.0,,,33.61581920903956
Windsor CMA,1 Bedroom,2025,1102.0,1403.0,,,27.313974591651547
Windsor CMA,2 Bedroom,2021,1038.0,1366.0,,,31.59922928709056
Windsor CMA,2 Bedroom,2022,1080.0,1420.0,1.67242498668561,27.701132501994604,31.481481481481488
Windsor CMA,2 Bedroom,2023,1198.0,1570.0,,,31.0517529215359
Windsor CMA,2 Bedroom,2024,1284.0,1647.0,,,28.27102803738317
Windsor CMA,2 Bedroom,2025,1408.0,1668.0,,,18.465909090909083
Windsor CMA,3 Bedroom +,2024,1244.0,1741.0,,,39.95176848874598
Windsor CMA,3 Bedroom +,2025,1255.0,1835.0,,,46.21513944223108
Windsor CMA,Studio,2024,857.0,1121.0,,,30.805134189031502
Windsor CMA,Studio,2025,898.0,1147.0,,,27.728285077951
Windsor CMA,Total,2024,1150.0,1482.0,,,28.8695652173913
Windsor CMA,Total,2025,1223.0,1482.0,,,21.17743254292723
Winnipeg CMA,1 Bedroom,2024,1149.0,1213.0,,,5.570060922541331
Winnipeg CMA,1 Bedroom,2025,1211.0,1271.0,,,4.954582989265077
Winnipeg CMA,2 Bedroom,2021,1240.0,1343.0,,,8.30645161290322
Winnipeg CMA,2 Bedroom,2022,1293.0,1310.0,2.4052251483086198,3.0605739145136,1.314771848414531
Winnipeg CMA,2 Bedroom,2023,1397.0,1439.0,3.3,4.6,3.0064423765211234
Winnipeg CMA,2 Bedroom,2024,1474.0,1528.0,4.6,9.5,3.663500678426046
Winnipeg CMA,2 Bedroom,2025,1551.0,1595.0,,,2.8368794326241176
Winnipeg CMA,3 Bedroom +,2024,1719.0,1783.0,,,3.7230948225712712
Winnipeg CMA,3 Bedroom +,2025,1814.0,1913.0,,,5.457552370452046
Winnipeg CMA,Studio,2024,869.0,858.0,,,-1.2658227848101222
Winnipeg CMA,Studio,2025,898.0,946.0,,,5.345211581291753
Winnipeg CMA,Total,2024,1296.0,1371.0,,,5.787037037037046
Winnipeg CMA,Total,2025,1370.0,1423.0,,,3.868613138686139
