centre,year,avg_rent_2bed,fixed_sample_change_pct_2bed,turnover_rate_pct,vacancy_pct,is_cma
Abbotsford-Mission CMA,2020,1152.0,1.8,9.8,0.6,True
Abbotsford-Mission CMA,2021,1279.0,5.5,9.1,1.6,True
Abbotsford-Mission CMA,2022,1352.0,5.0,12.1,2.1,True
Abbotsford-Mission CMA,2023,1483.0,9.1,12.7,0.9,True
Abbotsford-Mission CMA,2024,1493.0,,13.1,1.1,True
Abbotsford-Mission CMA,2025,1592.0,5.3,9.7,2.8,True
Alberta,2020,1249.0,0.1,27.4,7.2,False
Alberta,2021,1256.0,-0.4,28.4,6.8,False
Alberta,2022,1321.0,3.3,29.5,3.8,False
Alberta,2023,1455.0,9.4,27.1,2.1,False
Alberta,2024,1616.0,7.9,26.1,3.6,False
Alberta,2025,1680.0,2.4,27.2,4.3,False
Barrie CMA,2020,1393.0,8.0,18.0,2.1,True
Barrie CMA,2021,1502.0,2.8,14.9,1.6,True
Barrie CMA,2022,1537.0,3.8,12.5,2.1,True
Barrie CMA,2023,1610.0,5.5,11.2,2.6,True
Barrie CMA,2024,1706.0,4.7,12.7,3.4,True
Barrie CMA,2025,1755.0,4.3,12.8,4.3,True
Belleville - Quinte West CMA,2022,1295.0,,13.9,2.4,True
Belleville - Quinte West CMA,2023,1333.0,5.3,14.5,3.0,True
Belleville - Quinte West CMA,2024,1448.0,5.9,15.9,3.5,True
Belleville - Quinte West CMA,2025,1484.0,,16.9,3.4,True
Belleville CMA,2020,1161.0,6.3,18.0,3.0,True
Belleville CMA,2021,1174.0,,16.0,1.7,True
Belleville CMA,2022,1295.0,,13.9,2.4,True
Brantford CMA,2020,1102.0,5.3,12.3,2.2,True
Brantford CMA,2021,1203.0,9.5,12.4,2.0,True
Brantford CMA,2022,1259.0,6.8,14.5,1.5,True
Brantford CMA,2023,1432.0,,11.9,2.0,True
Brantford CMA,2024,1438.0,11.3,12.2,2.3,True
Brantford CMA,2025,1619.0,,14.5,3.5,True
British Columbia,2020,1515.0,2.1,13.4,2.4,False
British Columbia,2021,1566.0,3.0,13.1,1.4,False
British Columbia,2022,1721.0,6.0,12.7,1.3,False
British Columbia,2023,1867.0,9.0,10.6,1.2,False
British Columbia,2024,1981.0,4.5,11.6,1.9,False
British Columbia,2025,2065.0,3.6,14.3,3.5,False
Calgary CMA,2020,1323.0,,29.9,6.6,True
Calgary CMA,2021,1355.0,,28.4,5.1,True
Calgary CMA,2022,1466.0,6.0,27.9,2.7,True
Calgary CMA,2023,1695.0,14.3,23.6,1.4,True
Calgary CMA,2024,1882.0,8.9,23.6,4.8,True
Calgary CMA,2025,1914.0,,24.9,5.0,True
Canada,2020,1125.0,3.5,14.0,3.2,False
Canada,2021,1167.0,3.0,15.5,3.1,False
Canada,2022,1258.0,5.6,13.6,1.9,False
Canada,2023,1359.0,8.0,12.5,1.5,False
Canada,2024,1447.0,5.4,12.5,2.2,False
Canada,2025,1550.0,5.1,12.8,3.1,False
Canada CMAs,2020,1165.0,3.6,13.5,3.2,True
Canada CMAs,2021,1206.0,2.9,15.5,3.2,True
Canada CMAs,2022,1298.0,5.5,13.5,1.9,True
Canada CMAs,2023,1402.0,8.0,12.4,1.5,True
Canada CMAs,2024,1491.0,5.2,12.4,2.3,True
Canada CMAs,2025,1599.0,5.0,12.8,3.1,True
Charlottetown CA,2020,978.0,2.7,14.1,2.7,False
Charlottetown CA,2021,1088.0,,13.0,1.6,False
Charlottetown CA,2022,1067.0,,10.2,0.8,False
Charlottetown CA,2023,1166.0,,9.2,0.5,False
Charlottetown CA,2024,1196.0,3.3,9.1,0.7,False
Charlottetown CA,2025,1300.0,4.7,9.8,1.6,False
Chilliwack CMA,2022,1317.0,,11.9,1.3,True
Chilliwack CMA,2023,1430.0,10.1,13.1,1.4,True
Chilliwack CMA,2024,1402.0,,10.1,1.3,True
Chilliwack CMA,2025,1526.0,,10.1,3.0,True
Drummondville CMA,2022,752.0,,6.0,0.4,True
Drummondville CMA,2023,814.0,,5.4,0.5,True
Drummondville CMA,2024,888.0,,14.3,1.5,True
Drummondville CMA,2025,1045.0,,10.9,1.8,True
Edmonton CMA,2020,1272.0,,25.0,7.2,True
Edmonton CMA,2021,1270.0,-0.5,28.1,7.3,True
Edmonton CMA,2022,1304.0,1.6,30.4,4.3,True
Edmonton CMA,2023,1398.0,6.4,28.1,2.4,True
Edmonton CMA,2024,1536.0,7.0,26.5,3.1,True
Edmonton CMA,2025,1603.0,3.5,28.8,3.8,True
Fredericton CMA,2022,1152.0,10.3,20.5,2.2,True
Fredericton CMA,2023,1268.0,6.4,17.7,1.4,True
Fredericton CMA,2024,1341.0,5.5,18.1,0.9,True
Fredericton CMA,2025,1413.0,5.2,13.1,2.5,True
Greater Sudbury/Grand Sudbury CMA,2020,1134.0,,17.2,2.5,True
Greater Sudbury/Grand Sudbury CMA,2021,1286.0,8.4,11.6,1.8,True
Greater Sudbury/Grand Sudbury CMA,2022,1254.0,,12.6,2.3,True
Greater Sudbury/Grand Sudbury CMA,2023,1361.0,10.6,9.0,1.2,True
Greater Sudbury/Grand Sudbury CMA,2024,1462.0,11.8,8.3,1.5,True
Greater Sudbury/Grand Sudbury CMA,2025,1558.0,,6.6,1.2,True
Guelph CMA,2020,1356.0,4.8,17.6,2.2,True
Guelph CMA,2021,1436.0,4.3,16.2,2.0,True
Guelph CMA,2022,1499.0,4.8,14.8,1.5,True
Guelph CMA,2023,1646.0,7.9,13.2,1.3,True
Guelph CMA,2024,1740.0,3.7,11.4,1.9,True
Guelph CMA,2025,1802.0,4.6,15.1,3.1,True
Halifax CMA,2020,1255.0,4.2,14.4,1.9,True
Halifax CMA,2021,1335.0,4.8,17.2,1.0,True
Halifax CMA,2022,1445.0,9.2,11.1,1.0,True
Halifax CMA,2023,1628.0,11.0,10.5,1.0,True
Halifax CMA,2024,1707.0,3.8,10.0,2.1,True
Halifax CMA,2025,1826.0,6.7,9.0,2.7,True
Hamilton CMA,2020,1291.0,5.0,12.0,3.5,True
Hamilton CMA,2021,1362.0,3.7,14.9,2.8,True
Hamilton CMA,2022,1438.0,5.3,12.3,1.9,True
Hamilton CMA,2023,1617.0,13.7,11.1,2.1,True
Hamilton CMA,2024,1632.0,2.3,9.5,2.4,True
Hamilton CMA,2025,1656.0,1.6,13.1,3.6,True
Kamloops CMA,2022,1409.0,8.1,16.1,1.1,True
Kamloops CMA,2023,1498.0,7.8,7.6,1.3,True
Kamloops CMA,2024,1531.0,3.8,14.7,1.4,True
Kamloops CMA,2025,1679.0,,17.6,1.2,True
Kelowna CMA,2020,1391.0,3.1,19.5,2.1,True
Kelowna CMA,2021,1475.0,3.8,24.0,0.6,True
Kelowna CMA,2022,1690.0,9.4,23.1,1.2,True
Kelowna CMA,2023,1805.0,10.8,19.3,1.3,True
Kelowna CMA,2024,1935.0,,23.8,3.8,True
Kelowna CMA,2025,2118.0,2.4,29.6,6.4,True
Kingston CMA,2020,1327.0,2.5,18.2,3.2,True
Kingston CMA,2021,1402.0,2.9,21.9,1.4,True
Kingston CMA,2022,1471.0,4.9,19.2,1.2,True
Kingston CMA,2023,1609.0,7.1,14.0,0.8,True
Kingston CMA,2024,1676.0,5.3,16.4,2.9,True
Kingston CMA,2025,1764.0,2.4,17.3,2.4,True
Kitchener-Cambridge-Waterloo CMA,2020,1295.0,4.0,14.0,2.1,True
Kitchener-Cambridge-Waterloo CMA,2021,1356.0,3.2,16.9,2.0,True
Kitchener-Cambridge-Waterloo CMA,2022,1469.0,7.2,13.9,1.2,True
Kitchener-Cambridge-Waterloo CMA,2023,1658.0,7.4,14.7,2.1,True
Kitchener-Cambridge-Waterloo CMA,2024,1766.0,4.2,12.0,3.6,True
Kitchener-Cambridge-Waterloo CMA,2025,1832.0,3.3,16.1,4.1,True
Lethbridge CMA,2020,1050.0,2.6,34.5,5.6,True
Lethbridge CMA,2021,1065.0,0.9,38.1,2.6,True
Lethbridge CMA,2022,1131.0,6.3,30.6,2.1,True
Lethbridge CMA,2023,1269.0,10.2,,2.1,True
Lethbridge CMA,2024,1595.0,,,0.5,True
Lethbridge CMA,2025,1706.0,6.7,46.3,4.5,True
London CMA,2020,1207.0,6.8,16.1,3.4,True
London CMA,2021,1275.0,2.9,19.1,1.9,True
London CMA,2022,1393.0,5.8,15.1,1.7,True
London CMA,2023,1479.0,6.4,14.4,1.7,True
London CMA,2024,1548.0,6.2,13.4,2.9,True
London CMA,2025,1651.0,4.1,15.1,4.0,True
Manitoba,2020,1215.0,2.9,15.1,3.8,False
Manitoba,2021,1266.0,2.7,19.2,5.0,False
Manitoba,2022,1302.0,1.6,20.1,2.9,False
Manitoba,2023,1368.0,4.2,19.4,2.0,False
Manitoba,2024,1448.0,5.2,18.5,1.7,False
Manitoba,2025,1507.0,1.9,21.7,2.9,False
Moncton CMA,2020,949.0,4.7,11.3,2.8,True
Moncton CMA,2021,1043.0,3.1,19.3,1.5,True
Moncton CMA,2022,1111.0,6.4,19.6,1.7,True
Moncton CMA,2023,1232.0,7.3,13.3,1.2,True
Moncton CMA,2024,1353.0,4.8,13.4,1.5,True
Moncton CMA,2025,1453.0,4.7,15.4,3.9,True
Montréal CMA,2020,903.0,3.6,11.4,2.7,True
Montréal CMA,2021,932.0,3.9,11.4,3.0,True
Montréal CMA,2022,1022.0,5.4,10.3,2.0,True
Montréal CMA,2023,1096.0,7.9,9.6,1.5,True
Montréal CMA,2024,1176.0,6.3,11.1,2.1,True
Montréal CMA,2025,1346.0,7.2,9.4,2.9,True
Nanaimo CMA,2022,1542.0,9.5,18.3,2.2,True
Nanaimo CMA,2023,1681.0,6.1,17.4,2.7,True
Nanaimo CMA,2024,1787.0,3.0,20.2,2.9,True
Nanaimo CMA,2025,1910.0,3.5,23.6,2.2,True
New Brunswick,2020,893.0,3.7,15.5,3.1,False
New Brunswick,2021,969.0,4.6,19.0,1.7,False
New Brunswick,2022,1061.0,7.5,17.9,1.9,False
New Brunswick,2023,1170.0,7.6,14.0,1.5,False
New Brunswick,2024,1285.0,6.4,14.1,2.0,False
New Brunswick,2025,1368.0,5.3,13.2,2.9,False
Newfoundland & Labrador,2020,891.0,1.4,12.4,7.2,False
Newfoundland & Labrador,2021,926.0,1.7,18.7,3.4,False
Newfoundland & Labrador,2022,943.0,5.6,20.4,2.9,False
Newfoundland & Labrador,2023,1092.0,7.6,13.9,1.5,False
Newfoundland & Labrador,2024,1109.0,3.2,12.7,1.8,False
Newfoundland and Labrador,2024,1109.0,3.2,12.7,1.8,False
Newfoundland and Labrador,2025,1208.0,6.6,11.3,2.1,False
Nova Scotia,2020,1182.0,4.0,15.0,2.1,False
Nova Scotia,2021,1255.0,4.6,16.4,1.2,False
Nova Scotia,2022,1355.0,8.8,11.0,1.0,False
Nova Scotia,2023,1523.0,10.4,10.5,1.1,False
Nova Scotia,2024,1606.0,4.5,10.0,2.0,False
Nova Scotia,2025,1711.0,6.7,8.9,2.6,False
Ontario,2020,1408.0,4.8,11.8,3.2,False
Ontario,2021,1465.0,2.7,15.6,3.5,False
Ontario,2022,1555.0,6.3,12.0,1.8,False
Ontario,2023,1697.0,8.1,10.8,1.7,False
Ontario,2024,1758.0,4.0,9.4,2.7,False
Ontario,2025,1827.0,3.7,11.2,3.2,False
Oshawa CMA,2020,1352.0,4.6,10.9,2.3,True
Oshawa CMA,2021,1417.0,,9.7,2.2,True
Oshawa CMA,2022,1450.0,7.1,9.5,2.6,True
Oshawa CMA,2023,1613.0,,8.7,1.5,True
Oshawa CMA,2024,1686.0,,6.1,3.6,True
Oshawa CMA,2025,1754.0,,4.8,3.7,True
Ottawa-Gatineau CMA (Ont. part),2020,1517.0,5.2,17.9,3.9,True
Ottawa-Gatineau CMA (Ont. part),2021,1550.0,1.3,22.8,3.4,True
Ottawa-Gatineau CMA (Ont. part),2022,1615.0,4.8,16.7,2.1,True
Ottawa-Gatineau CMA (Ont. part),2023,1698.0,4.0,16.5,2.1,True
Ottawa-Gatineau CMA (Ont. part),2024,1880.0,5.0,14.5,2.6,True
Ottawa-Gatineau CMA (Ont. part),2025,1926.0,3.4,15.4,3.0,True
Ottawa-Gatineau CMA (Qué. part),2020,950.0,2.2,18.4,1.6,True
Ottawa-Gatineau CMA (Qué. part),2021,1035.0,6.4,15.6,1.1,True
Ottawa-Gatineau CMA (Qué. part),2022,1269.0,9.1,9.5,0.8,True
Ottawa-Gatineau CMA (Qué. part),2023,1252.0,8.9,13.2,1.1,True
Ottawa-Gatineau CMA (Qué. part),2024,1353.0,2.5,17.3,1.9,True
Ottawa-Gatineau CMA (Qué. part),2025,1460.0,4.7,16.2,3.8,True
Peterborough CMA,2020,1191.0,5.3,14.6,2.6,True
Peterborough CMA,2021,1316.0,,13.9,1.0,True
Peterborough CMA,2022,1339.0,5.4,9.8,1.1,True
Peterborough CMA,2023,1411.0,4.4,7.2,1.0,True
Peterborough CMA,2024,1506.0,4.5,10.2,3.3,True
Peterborough CMA,2025,1518.0,,8.4,3.1,True
Prince Edward Island,2020,958.0,3.2,14.1,2.6,False
Prince Edward Island,2021,1055.0,,12.6,1.5,False
Prince Edward Island,2022,1041.0,,9.9,0.8,False
Prince Edward Island,2023,1130.0,,9.1,1.1,False
Prince Edward Island,2024,1181.0,3.8,8.2,0.8,False
Prince Edward Island,2025,1293.0,,9.8,2.1,False
Québec,2020,856.0,3.3,12.9,2.5,False
Québec,2021,892.0,3.8,12.5,2.5,False
Québec,2022,973.0,5.4,11.1,1.7,False
Québec,2023,1042.0,7.7,10.4,1.3,False
Québec,2024,1131.0,6.2,11.6,1.8,False
Québec,2025,1273.0,7.2,10.4,2.7,False
Québec CMA,2020,899.0,2.7,16.3,2.7,True
Québec CMA,2021,945.0,2.0,15.9,2.5,True
Québec CMA,2022,976.0,3.3,15.4,1.5,True
Québec CMA,2023,1040.0,4.8,14.9,0.9,True
Québec CMA,2024,1159.0,5.2,13.9,0.9,True
Québec CMA,2025,1277.0,6.1,13.0,2.4,True
Red Deer CMA,2022,1097.0,4.7,23.5,2.8,True
Red Deer CMA,2023,1210.0,10.4,30.1,0.8,True
Red Deer CMA,2024,1363.0,10.1,22.6,1.5,True
Red Deer CMA,2025,1414.0,5.8,20.5,3.5,True
Regina CMA,2020,1152.0,0.8,27.9,7.5,True
Regina CMA,2021,1156.0,,35.0,7.1,True
Regina CMA,2022,1186.0,3.3,34.5,3.2,True
Regina CMA,2023,1301.0,7.9,31.9,1.4,True
Regina CMA,2024,1415.0,8.5,31.6,2.6,True
Regina CMA,2025,1473.0,4.2,27.6,2.7,True
Saguenay CMA,2020,664.0,2.0,18.6,2.8,True
Saguenay CMA,2021,700.0,7.1,17.9,1.7,True
Saguenay CMA,2022,712.0,3.8,15.3,0.9,True
Saguenay CMA,2023,775.0,7.9,14.8,1.3,True
Saguenay CMA,2024,882.0,8.6,13.3,1.6,True
Saguenay CMA,2025,985.0,10.9,12.6,1.3,True
Saint John CMA,2020,825.0,3.4,14.4,3.1,True
Saint John CMA,2021,888.0,6.4,16.2,2.1,True
Saint John CMA,2022,1020.0,7.6,15.3,1.6,True
Saint John CMA,2023,1094.0,8.3,13.9,2.3,True
Saint John CMA,2024,1229.0,7.4,13.8,4.0,True
Saint John CMA,2025,1290.0,5.8,11.8,1.9,True
Saskatchewan,2020,1104.0,1.1,30.5,7.1,False
Saskatchewan,2021,1116.0,0.5,34.9,6.3,False
Saskatchewan,2022,1158.0,3.2,32.3,4.2,False
Saskatchewan,2023,1276.0,8.4,33.8,2.4,False
Saskatchewan,2024,1380.0,7.7,29.5,2.6,False
Saskatchewan,2025,1451.0,5.1,23.0,3.4,False
Saskatoon CMA,2020,1166.0,2.0,26.0,5.9,True
Saskatoon CMA,2021,1183.0,0.5,37.4,4.8,True
Saskatoon CMA,2022,1243.0,3.4,33.1,3.4,True
Saskatoon CMA,2023,1360.0,9.0,36.5,2.0,True
Saskatoon CMA,2024,1471.0,7.2,28.6,2.0,True
Saskatoon CMA,2025,1548.0,5.2,19.3,3.3,True
Sherbrooke CMA,2020,671.0,3.1,14.2,1.3,True
Sherbrooke CMA,2021,727.0,4.7,15.1,0.9,True
Sherbrooke CMA,2022,809.0,9.6,12.1,0.9,True
Sherbrooke CMA,2023,901.0,9.8,8.4,1.3,True
Sherbrooke CMA,2024,1002.0,8.8,10.4,1.4,True
Sherbrooke CMA,2025,1062.0,9.8,12.0,2.7,True
St. Catharines-Niagara CMA,2020,1137.0,6.1,13.2,2.7,True
St. Catharines-Niagara CMA,2021,1192.0,5.7,13.8,1.9,True
St. Catharines-Niagara CMA,2022,1260.0,6.3,14.9,2.8,True
St. Catharines-Niagara CMA,2023,1388.0,8.4,13.2,2.8,True
St. Catharines-Niagara CMA,2024,1474.0,3.7,12.4,3.8,True
St. Catharines-Niagara CMA,2025,1527.0,5.5,12.8,3.9,True
St. John's CMA,2020,974.0,1.6,10.9,7.5,True
St. John's CMA,2021,1026.0,2.0,20.8,3.1,True
St. John's CMA,2022,1038.0,4.2,22.5,2.9,True
St. John's CMA,2023,1198.0,7.4,14.2,1.5,True
St. John's CMA,2024,1250.0,2.1,14.1,2.1,True
St. John's CMA,2025,1361.0,7.6,13.0,2.0,True
Thunder Bay CMA,2020,1092.0,2.0,14.9,4.1,True
Thunder Bay CMA,2021,1112.0,3.1,13.1,3.3,True
Thunder Bay CMA,2022,1175.0,7.5,15.9,1.6,True
Thunder Bay CMA,2023,1320.0,6.6,11.6,2.9,True
Thunder Bay CMA,2024,1443.0,7.6,10.9,3.2,True
Thunder Bay CMA,2025,1495.0,6.8,3.4,4.0,True
Toronto CMA,2020,1635.0,4.5,8.0,3.4,True
Toronto CMA,2021,1679.0,1.3,14.4,4.6,True
Toronto CMA,2022,1779.0,6.5,9.8,1.6,True
Toronto CMA,2023,1961.0,8.8,8.3,1.4,True
Toronto CMA,2024,1974.0,2.7,6.4,2.5,True
Toronto CMA,2025,2046.0,3.4,8.7,3.0,True
Trois-Rivières CMA,2020,621.0,2.0,15.4,1.3,True
Trois-Rivières CMA,2021,658.0,3.9,15.3,0.9,True
Trois-Rivières CMA,2022,717.0,5.7,11.3,0.9,True
Trois-Rivières CMA,2023,778.0,9.3,10.5,0.4,True
Trois-Rivières CMA,2024,885.0,5.7,10.2,0.9,True
Trois-Rivières CMA,2025,1016.0,6.6,10.1,2.7,True
Vancouver CMA,2020,1792.0,1.5,11.8,2.6,True
Vancouver CMA,2021,1824.0,2.4,11.7,1.2,True
Vancouver CMA,2022,2002.0,5.7,10.7,0.9,True
Vancouver CMA,2023,2181.0,8.6,8.1,0.9,True
Vancouver CMA,2024,2314.0,5.5,9.1,1.6,True
Vancouver CMA,2025,2363.0,2.2,11.6,3.7,True
Victoria CMA,2020,1507.0,3.3,18.4,2.2,True
Victoria CMA,2021,1571.0,3.1,16.3,1.0,True
Victoria CMA,2022,1699.0,6.7,15.0,1.5,True
Victoria CMA,2023,1839.0,7.9,15.7,1.6,True
Victoria CMA,2024,1993.0,3.6,14.6,2.6,True
Victoria CMA,2025,2120.0,5.1,18.8,3.3,True
Windsor CMA,2020,1027.0,8.7,14.5,3.6,True
Windsor CMA,2021,1154.0,5.7,16.8,3.5,True
Windsor CMA,2022,1174.0,3.9,12.0,1.8,True
Windsor CMA,2023,1253.0,6.5,11.6,2.0,True
Windsor CMA,2024,1387.0,5.4,11.8,3.3,True
Windsor CMA,2025,1454.0,3.6,12.2,3.7,True
Winnipeg CMA,2020,1262.0,3.0,13.6,3.8,True
Winnipeg CMA,2021,1317.0,2.8,17.7,5.1,True
Winnipeg CMA,2022,1350.0,1.5,19.2,2.7,True
Winnipeg CMA,2023,1427.0,4.4,19.2,1.8,True
Winnipeg CMA,2024,1507.0,5.3,18.5,1.7,True
Winnipeg CMA,2025,1571.0,1.9,22.2,2.8,True
