city,beds,annonces,loyer_median,superficie_mediane,loyer_median_pi2
Laval,0.0,2,1185.0,420.0,2.69
Laval,1.0,51,1595.0,737.5,2.19
Laval,2.0,58,2136.5,1076.0,2.0
Laval,3.0,22,2780.0,1361.0,2.07
Montréal,0.0,260,1497.0,446.0,3.63
Montréal,1.0,532,1795.0,614.5,3.02
Montréal,2.0,489,2400.0,913.5,2.59
Montréal,3.0,112,2745.0,1121.5,2.5
Ottawa,0.0,76,1597.0,438.0,4.06
Ottawa,1.0,535,2000.0,610.0,3.31
Ottawa,2.0,322,2620.0,881.0,2.9
Ottawa,3.0,33,2800.0,1266.0,2.41
Pointe-Claire,1.0,18,1920.0,755.0,2.55
Pointe-Claire,2.0,43,2420.0,950.0,2.57
Pointe-Claire,3.0,6,2870.0,1170.0,2.52
