reit,region,year,metric,value,verified,source
CAPREIT,Canada,2020,renewal_increase_pct,1.3,False,https://s206.q4cdn.com/217547279/files/doc_news/2022/02/1/2021-Press-Release.pdf
CAPREIT,Canada,2021,renewal_increase_pct,1.4,False,https://s206.q4cdn.com/217547279/files/doc_news/2022/02/1/2021-Press-Release.pdf
CAPREIT,Canada,2022,renewal_increase_pct,1.4,False,https://www.capreit.ca/wp-content/uploads/2024/02/CAPREIT-2023-Annual-Report-Web.pdf
CAPREIT,Canada,2023,renewal_increase_pct,2.7,False,https://www.capreit.ca/wp-content/uploads/2024/02/CAPREIT-2023-Annual-Report-Web.pdf
CAPREIT,Canada,2024,renewal_increase_pct,3.6,False,https://s206.q4cdn.com/217547279/files/doc_financials/2025/ar/CAPREIT-Conference-Call-Q4-2025.pdf
CAPREIT,Canada,2025,renewal_increase_pct,3.2,False,https://s206.q4cdn.com/217547279/files/doc_financials/2025/ar/CAPREIT-Conference-Call-Q4-2025.pdf
CAPREIT,Canada,2021,same_property_amr_growth_pct,1.9,True,https://s206.q4cdn.com/217547279/files/doc_news/2022/02/1/2021-Press-Release.pdf
CAPREIT,Canada,2022,same_property_amr_growth_pct,4.3,False,https://www.globenewswire.com/news-release/2023/02/22/2613800/0/en/CAPREIT-Reports-Fourth-Quarter-and-Year-End-2022-Results.html
CAPREIT,Canada,2024,same_property_amr_growth_pct,6.0,False,https://www.globenewswire.com/news-release/2025/02/13/3026342/0/en/CAPREIT-Reports-Fourth-Quarter-and-Year-End-2024-Results.html
CAPREIT,Canada,2025,same_property_amr_growth_pct,3.8,False,https://www.globenewswire.com/news-release/2026/02/12/3237776/0/en/CAPREIT-Reports-Fourth-Quarter-and-Year-End-2025-Results.html
CAPREIT,Canada,2020,turnover_increase_pct,7.9,True,https://s206.q4cdn.com/217547279/files/doc_news/2022/02/1/2021-Press-Release.pdf
CAPREIT,Canada,2021,turnover_increase_pct,5.9,True,https://s206.q4cdn.com/217547279/files/doc_news/2022/02/1/2021-Press-Release.pdf
CAPREIT,Canada,2022,turnover_increase_pct,14.5,False,https://www.capreit.ca/wp-content/uploads/2024/02/CAPREIT-2023-Annual-Report-Web.pdf
CAPREIT,Canada,2023,turnover_increase_pct,27.7,False,https://www.capreit.ca/wp-content/uploads/2024/02/CAPREIT-2023-Annual-Report-Web.pdf
CAPREIT,Canada,2024,turnover_increase_pct,18.8,False,https://s206.q4cdn.com/217547279/files/doc_financials/2025/ar/CAPREIT-Conference-Call-Q4-2025.pdf
CAPREIT,Canada,2025,turnover_increase_pct,4.2,True,https://s206.q4cdn.com/217547279/files/doc_financials/2025/ar/CAPREIT-Conference-Call-Q4-2025.pdf
CAPREIT,Canada,2025,turnover_increase_tenure_ge2y_pct,16.0,True,https://s206.q4cdn.com/217547279/files/doc_financials/2025/ar/CAPREIT-Conference-Call-Q4-2025.pdf
CAPREIT,Canada,2025,turnover_increase_tenure_lt2y_pct,-6.3,True,https://s206.q4cdn.com/217547279/files/doc_financials/2025/ar/CAPREIT-Conference-Call-Q4-2025.pdf
InterRent,Montreal,2019,same_property_amr_growth_pct,6.6,True,https://assets.irent.com/image/upload/Reports/Quarterly/2019_Q4_MDA.pdf
InterRent,Montreal,2020,same_property_amr_growth_pct,4.1,True,https://assets.irent.com/image/upload/Reports/Quarterly/2020_Q4_MDA.pdf
InterRent,Montreal,2021,same_property_amr_growth_pct,3.7,True,https://assets.irent.com/image/upload/Reports/Quarterly/2021_Q4_MDA.pdf
InterRent,Montreal,2022,same_property_amr_growth_pct,5.6,True,https://assets.irent.com/image/upload/Reports/Quarterly/2022_Q4_MDA.pdf
InterRent,Montreal,2023,same_property_amr_growth_pct,7.2,True,https://assets.irent.com/image/upload/Reports/Quarterly/2023_Q4_MDA.pdf
InterRent,Montreal,2024,same_property_amr_growth_pct,6.2,True,https://assets.irent.com/image/upload/Reports/Quarterly/2024_Q4_MDA.pdf
InterRent,Ottawa,2019,same_property_amr_growth_pct,6.9,True,https://assets.irent.com/image/upload/Reports/Quarterly/2019_Q4_MDA.pdf
InterRent,Ottawa,2020,same_property_amr_growth_pct,5.5,True,https://assets.irent.com/image/upload/Reports/Quarterly/2020_Q4_MDA.pdf
InterRent,Ottawa,2021,same_property_amr_growth_pct,3.5,True,https://assets.irent.com/image/upload/Reports/Quarterly/2021_Q4_MDA.pdf
InterRent,Ottawa,2022,same_property_amr_growth_pct,4.5,True,https://assets.irent.com/image/upload/Reports/Quarterly/2022_Q4_MDA.pdf
InterRent,Ottawa,2023,same_property_amr_growth_pct,5.9,True,https://assets.irent.com/image/upload/Reports/Quarterly/2023_Q4_MDA.pdf
InterRent,Ottawa,2024,same_property_amr_growth_pct,4.7,True,https://assets.irent.com/image/upload/Reports/Quarterly/2024_Q4_MDA.pdf
InterRent,Total,2019,same_property_amr_growth_pct,6.8,True,https://assets.irent.com/image/upload/Reports/Quarterly/2019_Q4_MDA.pdf
InterRent,Total,2020,same_property_amr_growth_pct,5.3,True,https://assets.irent.com/image/upload/Reports/Quarterly/2020_Q4_MDA.pdf
InterRent,Total,2021,same_property_amr_growth_pct,4.4,True,https://assets.irent.com/image/upload/Reports/Quarterly/2021_Q4_MDA.pdf
InterRent,Total,2022,same_property_amr_growth_pct,6.0,True,https://assets.irent.com/image/upload/Reports/Quarterly/2022_Q4_MDA.pdf
InterRent,Total,2023,same_property_amr_growth_pct,7.5,True,https://assets.irent.com/image/upload/Reports/Quarterly/2023_Q4_MDA.pdf
InterRent,Total,2024,same_property_amr_growth_pct,5.0,True,https://assets.irent.com/image/upload/Reports/Quarterly/2024_Q4_MDA.pdf
Killam,Total,2021,renewal_increase_pct,1.5,True,https://investors.killamreit.com/image/Killam+Q4+12-31-2025+MDA.pdf
Killam,Total,2022,renewal_increase_pct,1.8,True,https://investors.killamreit.com/image/Killam+Q4+12-31-2023+MDA.pdf
Killam,Total,2023,renewal_increase_pct,2.8,True,https://investors.killamreit.com/image/Killam+Q4+12-31-2023+MDA.pdf
Killam,Total,2024,renewal_increase_pct,4.3,True,https://investors.killamreit.com/image/Killam+Q4+12-31-2025+MDA.pdf
Killam,Total,2025,renewal_increase_pct,3.5,True,https://investors.killamreit.com/image/Killam+Q4+12-31-2025+MDA.pdf
Killam,Total,2021,turnover_increase_pct,7.8,True,https://investors.killamreit.com/image/Killam+Q4+12-31-2025+MDA.pdf
Killam,Total,2022,turnover_increase_pct,10.0,True,https://investors.killamreit.com/image/Killam+Q4+12-31-2023+MDA.pdf
Killam,Total,2023,turnover_increase_pct,16.4,True,https://investors.killamreit.com/image/Killam+Q4+12-31-2023+MDA.pdf
Killam,Total,2024,turnover_increase_pct,19.8,True,https://investors.killamreit.com/image/Killam+Q4+12-31-2025+MDA.pdf
Killam,Total,2025,turnover_increase_pct,10.9,True,https://investors.killamreit.com/image/Killam+Q4+12-31-2025+MDA.pdf
Killam,Total,2021,weighted_increase_pct,3.0,True,https://investors.killamreit.com/image/Killam+Q4+12-31-2025+MDA.pdf
Killam,Total,2022,weighted_increase_pct,3.5,True,https://investors.killamreit.com/image/Killam+Q4+12-31-2023+MDA.pdf
Killam,Total,2023,weighted_increase_pct,5.4,True,https://investors.killamreit.com/image/Killam+Q4+12-31-2023+MDA.pdf
Killam,Total,2024,weighted_increase_pct,7.0,True,https://investors.killamreit.com/image/Killam+Q4+12-31-2025+MDA.pdf
Killam,Total,2025,weighted_increase_pct,5.0,True,https://investors.killamreit.com/image/Killam+Q4+12-31-2025+MDA.pdf
Minto,Total,2023,q4_gain_on_lease_pct,16.1,True,https://www.newswire.ca/news-releases/minto-apartment-reit-reports-2023-fourth-quarter-and-year-end-financial-results-805060321.html
Minto,Total,2024,q4_gain_on_lease_pct,11.2,True,https://www.newswire.ca/news-releases/minto-apartment-reit-reports-2024-fourth-quarter-and-year-end-financial-results-835695342.html
Minto,Total,2025,q4_gain_on_lease_pct,0.9,True,https://www.newswire.ca/news-releases/minto-apartment-reit-reports-2025-fourth-quarter-and-year-end-financial-results-834259940.html
Minto,Total,2023,same_property_amr_growth_pct,6.8,True,https://www.newswire.ca/news-releases/minto-apartment-reit-reports-2023-fourth-quarter-and-year-end-financial-results-805060321.html
Minto,Total,2024,same_property_amr_growth_pct,5.5,True,https://www.newswire.ca/news-releases/minto-apartment-reit-reports-2024-fourth-quarter-and-year-end-financial-results-835695342.html
Minto,Total,2025,same_property_amr_growth_pct,3.9,True,https://www.newswire.ca/news-releases/minto-apartment-reit-reports-2025-fourth-quarter-and-year-end-financial-results-834259940.html
